test_group,battery_no,cycle_idx,qnom_start_frac,qnom_was_clamped,rmse_ekf,rmse_gpr,rmse_bayes,delta_gpr_vs_ekf,delta_bayes_vs_ekf,delta_bayes_vs_gpr,rmse_ekf_late,rmse_gpr_late,rmse_bayes_late,delta_gpr_vs_ekf_late,delta_bayes_vs_ekf_late,delta_bayes_vs_gpr_late,mean_abs_residual_pred,mean_alpha_bayes,mean_sigma_ekf,mean_sigma_gpr,mean_gpr_scale_eff,mem_ekf_bad_in,mem_gpr_bad_in,rmse_v,is_bayes_improved_vs_ekf,is_bayes_better_than_gpr,is_bayes_worse_vs_ekf,is_bayes_worse_than_gpr,is_selected_cycle
secondary,85,1,1,1,0.0406188613249165,0.0452371566128392,0.041097074793174,0.00461829528792274,0.000478213468257514,-0.00414008181966522,NaN,NaN,NaN,NaN,NaN,NaN,0.0202605962195394,0.819336470365921,0.0140930024786221,0.00583205710612356,1.83847462960206,0.55,0.2,0.10908105151993,0,1,1,0,1
secondary,85,2,0.97,1,0.0322504338638464,0.0325061074440985,0.0282774844028409,0.000255673580252101,-0.00397294946100556,-0.00422862304125766,NaN,NaN,NaN,NaN,NaN,NaN,0.0209590210734292,0.787432043057017,0.0131444635657779,0.00635341473234696,1.87984880126578,0.499072919138469,0.277498177987841,0.116345181438437,1,1,0,0,1
secondary,85,3,0.94,1,0.0118485391289442,0.0148612118054788,0.00937527214554548,0.00301267267653462,-0.00247326698339874,-0.00548593965993336,NaN,NaN,NaN,NaN,NaN,NaN,0.0212260630172627,0.787731979683748,0.012332168340588,0.0059409795200444,1.87342872306967,0.456878685454609,0.349152547478814,0.11160831652395,1,1,0,0,1
secondary,86,1,1,1,0.0416728862555376,0.0443135251513765,0.0401861770845395,0.00264063889583891,-0.00148670917099805,-0.00412734806683696,NaN,NaN,NaN,NaN,NaN,NaN,0.0207217530970162,0.81702979126259,0.0136837215592593,0.00586683194844029,1.84391547824556,0.55,0.2,0.108685533836207,1,1,0,0,1
secondary,86,2,0.97,1,0.0230372751098735,0.0265453891524183,0.0214349367028996,0.00350811404254474,-0.00160233840697388,-0.00511045244951861,NaN,NaN,NaN,NaN,NaN,NaN,0.022775651377761,0.797882568994662,0.0126642593233182,0.00590720578074866,1.8620131784817,0.496549247727706,0.278145477119923,0.107281743613741,1,1,0,0,1
secondary,86,3,0.94,1,0.0167813319697414,0.0143819344504689,0.00911625414213694,-0.00239939751927242,-0.00766507782760443,-0.00526568030833201,NaN,NaN,NaN,NaN,NaN,NaN,0.0222205191548715,0.778389145463526,0.0117851895889384,0.00595983707533122,1.87812745260621,0.451475035824937,0.340063000762422,0.110961940088395,1,1,0,0,1
secondary,87,1,1,1,0.0342509268977759,0.0417535773385513,0.0370170129540982,0.0075026504407754,0.00276608605632232,-0.00473656438445309,NaN,NaN,NaN,NaN,NaN,NaN,0.0224023059141031,0.806472022224435,0.0136355576150898,0.00585511480277534,1.84397585143994,0.55,0.2,0.109456908231287,0,1,1,0,1
secondary,87,2,0.97,1,0.0256259229893934,0.0268811665927803,0.0221744732748145,0.00125524360338694,-0.00345144971457888,-0.00470669331796582,NaN,NaN,NaN,NaN,NaN,NaN,0.0211346522006785,0.804636814731286,0.0130139856937125,0.00591710324345214,1.85921419675278,0.495704748890952,0.277434003481056,0.107364745683924,1,1,0,0,1
secondary,87,3,0.94,1,0.0140394336179665,0.0129138778491112,0.00878644543459025,-0.00112555576885529,-0.00525298818337621,-0.00412743241452092,NaN,NaN,NaN,NaN,NaN,NaN,0.0226823701608257,0.792317294288308,0.0125970971519592,0.00591875503700353,1.86883443846153,0.452890315272229,0.340100904091172,0.111035979349717,1,1,0,0,1
secondary,88,1,1,1,0.0470616224704473,0.0476517361587154,0.0440852817121801,0.000590113688268099,-0.00297634075826719,-0.00356645444653529,NaN,NaN,NaN,NaN,NaN,NaN,0.0191256521560109,0.810823358957212,0.014570736933773,0.00624974186182284,1.85657744249124,0.55,0.2,0.119394317597758,1,1,0,0,1
secondary,88,2,0.97,1,0.0270860457791076,0.0317502061581093,0.0272357518997801,0.00466416037900163,0.000149706120672437,-0.00451445425832919,NaN,NaN,NaN,NaN,NaN,NaN,0.0210368469159734,0.814887281342716,0.0133505404251489,0.00589357208594963,1.85713688165948,0.502186939396887,0.286529697159169,0.113021773530644,0,1,1,0,1
secondary,88,3,0.94,1,0.0120120551938706,0.0154067529112611,0.010235749162662,0.00339469771739044,-0.00177630603120861,-0.00517100374859904,NaN,NaN,NaN,NaN,NaN,NaN,0.020779820360353,0.794704314450209,0.0133171797275665,0.0063498990996715,1.88551316787461,0.460024069423845,0.347035767168277,0.109580950346406,1,1,0,0,1
secondary,89,1,1,1,0.0311006842932905,0.035735453535407,0.0310211820042699,0.00463476924211654,-7.95022890205908e-05,-0.00471427153113713,NaN,NaN,NaN,NaN,NaN,NaN,0.0198302415703504,0.783001204859076,0.0136855338175563,0.00629981264380997,1.86504836999798,0.55,0.2,0.114603844268501,1,1,0,0,1
secondary,89,2,0.97,1,0.0189198814955966,0.0212387971572329,0.0160275315113932,0.00231891566163627,-0.00289234998420341,-0.00521126564583967,NaN,NaN,NaN,NaN,NaN,NaN,0.0220522706243957,0.793171751954837,0.0138920156633709,0.00633013270737269,1.87374148980472,0.496938345211151,0.286994804938549,0.111333058619507,1,1,0,0,1
secondary,89,3,0.94,1,0.0161085439299686,0.0120001738411592,0.00932412263477705,-0.00410837008880939,-0.00678442129519154,-0.00267605120638215,NaN,NaN,NaN,NaN,NaN,NaN,0.0217190193710624,0.790282304302427,0.0126479239900976,0.00592970740313483,1.87132391086994,0.460155780889212,0.356587221487339,0.111538279050241,1,1,0,0,1
secondary,90,1,1,1,0.0403639004380827,0.0422122694377932,0.0381606485615159,0.00184836899971053,-0.00220325187656677,-0.00405162087627731,NaN,NaN,NaN,NaN,NaN,NaN,0.0202873826786087,0.774292716579572,0.0128736963261065,0.00630218555713094,1.87220600247898,0.55,0.2,0.11907417136183,1,1,0,0,1
secondary,90,2,0.97,1,0.0218605372477375,0.0270960085472805,0.0219198507335352,0.00523547129954295,5.93134857976504e-05,-0.0051761578137453,NaN,NaN,NaN,NaN,NaN,NaN,0.0212555552989414,0.793680000072649,0.0126130128941103,0.00591114735480389,1.86363478936004,0.491583869304765,0.286594697898909,0.108072047547377,0,1,1,0,1
secondary,90,3,0.94,1,0.0123516328846703,0.0161455412564484,0.0109763461755045,0.00379390837177811,-0.0013752867091658,-0.00516919508094391,NaN,NaN,NaN,NaN,NaN,NaN,0.0210682949063676,0.759943376944526,0.0122378141345631,0.00639716843223091,1.89490024911989,0.447151884505598,0.34697922833254,0.115481961583107,1,1,0,0,1
secondary,91,1,1,1,0.0349311339714314,0.0419635509780935,0.0374152719107479,0.00703241700666212,0.00248413793931655,-0.00454827906734558,NaN,NaN,NaN,NaN,NaN,NaN,0.0219896328143039,0.813695606055341,0.0139474755927684,0.00582540200794955,1.83987429219532,0.55,0.2,0.109827477221822,0,1,1,0,1
secondary,91,2,0.97,1,0.0275106742283261,0.0282921368778271,0.0233597857991925,0.000781462649501002,-0.00415088842913352,-0.00493235107863452,NaN,NaN,NaN,NaN,NaN,NaN,0.0222165435118295,0.81490722639211,0.0136116715861628,0.00589969585762525,1.85389167561233,0.498006591737282,0.277244429019321,0.111568216492829,1,1,0,0,1
secondary,91,3,0.94,1,0.0149264268502317,0.0130377752635032,0.00855146142473369,-0.00188865158672855,-0.00637496542549801,-0.00448631383876946,NaN,NaN,NaN,NaN,NaN,NaN,0.0222628862635381,0.788670735857495,0.0133038611955731,0.00635871730781409,1.88561355888905,0.458085750808206,0.339986619480155,0.109044942401066,1,1,0,0,1
secondary,92,1,1,1,0.0390453101831606,0.0421805955185034,0.038456852427191,0.00313528533534286,-0.000588457755969558,-0.00372374309131242,NaN,NaN,NaN,NaN,NaN,NaN,0.0195253904457731,0.824150792360366,0.0138562305311939,0.00581663902918211,1.8407379722112,0.55,0.2,0.114605642751303,1,1,0,0,1
secondary,92,2,0.97,1,0.0201716932724077,0.027623213002134,0.0225840112149766,0.00745151972972628,0.00241231794256886,-0.00503920178715742,NaN,NaN,NaN,NaN,NaN,NaN,0.0215776209161897,0.789531325821106,0.0124880546835668,0.00590455624981884,1.86344638025513,0.497905442733988,0.277231166654091,0.108790469213547,0,1,1,0,1
secondary,92,3,0.94,1,0.0135553723666187,0.0147396428902582,0.0115797330477346,0.00118427052363947,-0.00197563931888409,-0.00315990984252356,NaN,NaN,NaN,NaN,NaN,NaN,0.0230624714308483,0.774839762797648,0.0118862503054093,0.00594002741496418,1.87554088359346,0.450787992525239,0.339269365765618,0.109013776788141,1,1,0,0,1
secondary,93,1,1,1,0.0370300301069735,0.0425821680277653,0.0385038958177584,0.00555213792079181,0.00147386571078483,-0.00407827221000698,NaN,NaN,NaN,NaN,NaN,NaN,0.0217198538752547,0.812219043348262,0.0133593031096709,0.00585244866976292,1.84601083989565,0.55,0.2,0.120588169785445,0,1,1,0,1
secondary,93,2,0.97,1,0.0273955137593195,0.0300378024520434,0.0249592799998254,0.00264228869272386,-0.00243623375949415,-0.00507852245221802,NaN,NaN,NaN,NaN,NaN,NaN,0.0207685900892063,0.785820755614265,0.0134710762293913,0.00632510095487406,1.87542800628174,0.495213309507959,0.277544983912124,0.111632072888522,1,1,0,0,1
secondary,93,3,0.94,1,0.0174719671043978,0.0177130177504874,0.0125223933548617,0.000241050646089595,-0.00494957374953609,-0.00519062439562568,NaN,NaN,NaN,NaN,NaN,NaN,0.0216691299818285,0.818705273297651,0.0134368156497693,0.00592120162090619,1.86212794808049,0.455617856953426,0.34889065396823,0.111390294205017,1,1,0,0,1
secondary,94,1,1,1,0.0290130073717221,0.0375441642753048,0.0328682764574771,0.00853115690358276,0.00385526908575498,-0.00467588781782777,NaN,NaN,NaN,NaN,NaN,NaN,0.0217168500028508,0.815206396428842,0.0135408003859887,0.00583348688802035,1.84375715010989,0.55,0.2,0.112976280479996,0,1,1,0,1
secondary,94,2,0.97,1,0.0223389213220919,0.0268887994123587,0.0216664245205561,0.00454987809026679,-0.00067249680153577,-0.00522237489180256,NaN,NaN,NaN,NaN,NaN,NaN,0.0195509704596916,0.781313451368969,0.0127977268821236,0.0063739927797661,1.88321866555362,0.49601750836766,0.277133670035494,0.110600696681763,1,1,0,0,1
secondary,94,3,0.94,1,0.014675111088645,0.0158847718979027,0.0111458053555164,0.00120966080925772,-0.00352930573312858,-0.0047389665423863,NaN,NaN,NaN,NaN,NaN,NaN,0.021640079377942,0.799939329082435,0.0126600621570213,0.00596890265437327,1.87177085230771,0.45263129979979,0.349193680881143,0.118507551722452,1,1,0,0,1
secondary,95,1,1,1,0.0372480696167996,0.0407917487443076,0.0365006921541317,0.00354367912750803,-0.000747377462667828,-0.00429105659017585,NaN,NaN,NaN,NaN,NaN,NaN,0.022047945830935,0.819632052438933,0.0142804189885041,0.00585449637604535,1.83905106772876,0.55,0.2,0.101845921167448,1,1,0,0,1
secondary,95,2,0.97,1,0.0164214885940783,0.0256721064706772,0.020934067190118,0.00925061787659889,0.00451257859603961,-0.00473803928055928,NaN,NaN,NaN,NaN,NaN,NaN,0.0215349675181253,0.819613819518738,0.0136408235377203,0.00586318316431191,1.85181046638736,0.499830361108428,0.278175916111223,0.114243036130468,0,1,1,0,1
secondary,95,3,0.94,1,0.0143854753554276,0.0157339245761885,0.0133876735650465,0.00134844922076085,-0.000997801790381137,-0.00234625101114199,NaN,NaN,NaN,NaN,NaN,NaN,0.0223096489853756,0.765526841936529,0.0122877787181262,0.00636782094833028,1.89192447732851,0.460349818147069,0.339690244931101,0.108516393671132,1,1,0,0,1
secondary,96,1,1,1,0.0449705350307498,0.0453162433129427,0.0412949977970528,0.000345708282192922,-0.00367553723369694,-0.00402124551588986,NaN,NaN,NaN,NaN,NaN,NaN,0.0202229178918804,0.800499267566508,0.0144367922322581,0.00624060730527062,1.85646816685089,0.55,0.2,0.115266745776249,1,1,0,0,1
secondary,96,2,0.97,1,0.0235374911103921,0.0313217961107942,0.0264410584598126,0.00778430500040212,0.00290356734942055,-0.00488073765098157,NaN,NaN,NaN,NaN,NaN,NaN,0.0201599270103758,0.780879947151612,0.0130035993698811,0.00634124333529607,1.88101477526309,0.500757231727989,0.286184620940517,0.111299397566559,0,1,1,0,1
secondary,96,3,0.94,1,0.0128914838336129,0.0194889933922786,0.0145015367377872,0.00659750955866566,0.00161005290417426,-0.0049874566544914,NaN,NaN,NaN,NaN,NaN,NaN,0.020236940665566,0.799673091664007,0.0125828755948408,0.00595012558209647,1.8724655496553,0.457433494370167,0.355726919539107,0.113226956553567,0,1,1,0,1
secondary,97,1,1,1,0.0277156182328287,0.0382827882999855,0.0337953703027256,0.0105671700671568,0.00607975206989687,-0.00448741799725991,NaN,NaN,NaN,NaN,NaN,NaN,0.0204414424178112,0.816842498161827,0.0140010724298851,0.0058130869430585,1.83754495928608,0.55,0.2,0.107795110371702,0,1,1,0,1
secondary,97,2,0.97,1,0.0131217532965862,0.0208354085921247,0.0152445264631729,0.0077136552955385,0.0021227731665867,-0.00559088212895179,NaN,NaN,NaN,NaN,NaN,NaN,0.0228976039601755,0.774618315218504,0.0127337687387851,0.00632321222895499,1.88079270407999,0.499123188036544,0.276842131972396,0.112675415039947,0,1,1,0,1
secondary,97,3,0.94,1,0.011648796942774,0.0180333674578794,0.0135141461170245,0.00638457051510536,0.00186534917425048,-0.00451922134085487,NaN,NaN,NaN,NaN,NaN,NaN,0.0203983694415969,0.79525824499192,0.0125187279896931,0.00595367338464764,1.87263119539706,0.454724485217894,0.347153242376506,0.109586963106304,0,1,1,0,1
secondary,98,1,1,1,0.0414970732021452,0.0440958505609944,0.040222633481049,0.00259877735884925,-0.0012744397210961,-0.00387321707994535,NaN,NaN,NaN,NaN,NaN,NaN,0.0194325425906482,0.804010948425036,0.0140748206930761,0.00625621691868192,1.8605462313321,0.55,0.2,0.111879434216994,1,1,0,0,1
secondary,98,2,0.97,1,0.0182202886776559,0.0281042293699286,0.0224798017119638,0.00988394069227263,0.00425951303430782,-0.00562442765796481,NaN,NaN,NaN,NaN,NaN,NaN,0.0214621801819029,0.778462770938887,0.0131891187144015,0.00631988980936323,1.87883284338424,0.499757224979858,0.286475865075586,0.113161143129301,0,1,1,0,1
secondary,98,3,0.94,1,0.012093155029292,0.0185578976978219,0.0142522162593558,0.00646474266852989,0.00215906123006382,-0.00430568143846608,NaN,NaN,NaN,NaN,NaN,NaN,0.0215240700212269,0.806424103538877,0.013026163850504,0.00593023827993973,1.86763518470921,0.457310161555997,0.355301333565494,0.114528053221261,0,1,1,0,1
secondary,99,1,1,1,0.0305613821001635,0.0401144878721179,0.0355422785982705,0.00955310577195445,0.00498089649810699,-0.00457220927384746,NaN,NaN,NaN,NaN,NaN,NaN,0.0216007859842869,0.809537438636695,0.0136278827240696,0.00582894550703087,1.8426721073192,0.55,0.2,0.115211270242392,0,1,1,0,1
secondary,99,2,0.97,1,0.0268726607184201,0.0299443716417904,0.0252934529820696,0.00307171092337031,-0.00157920773635055,-0.00465091865972086,NaN,NaN,NaN,NaN,NaN,NaN,0.0198103135771356,0.779646131201933,0.0128822752857676,0.00633341832461865,1.88078947326526,0.496120708196345,0.277145601437574,0.114422687491787,1,1,0,0,1
secondary,99,3,0.94,1,0.0123346068755428,0.0182684667068245,0.0153527592689818,0.00593385983128169,0.003018152393439,-0.00291570743784269,NaN,NaN,NaN,NaN,NaN,NaN,0.0219308412658043,0.816398095120533,0.0137953154481646,0.00589291156566003,1.8594696054551,0.452540993025748,0.348445184008522,0.105473432340542,0,1,1,0,1
secondary,100,1,1,1,0.0282313702681067,0.0360393170335311,0.0311178506736858,0.00780794676542443,0.00288648040557916,-0.00492146635984527,NaN,NaN,NaN,NaN,NaN,NaN,0.0217137131239696,0.796563681750361,0.0143165176666851,0.00627697332661939,1.85956947079743,0.55,0.2,0.109100849470443,0,1,1,0,1
secondary,100,2,0.97,1,0.0189666447035029,0.0250397412369735,0.0205304109748516,0.00607309653347066,0.00156376627134875,-0.00450933026212191,NaN,NaN,NaN,NaN,NaN,NaN,0.0215126413776626,0.821386720949057,0.0138030591824764,0.00587243311307081,1.85253677535023,0.501122189399152,0.286914977719025,0.110346428181296,0,1,1,0,1
secondary,100,3,0.94,1,0.0142013035648599,0.0191669507864111,0.0172492901278314,0.00496564722155119,0.0030479865629715,-0.00191766065857969,NaN,NaN,NaN,NaN,NaN,NaN,0.0209808814395872,0.82567858931856,0.0137232773854703,0.00589429501774984,1.86064715645481,0.46222338495253,0.347321966876386,0.104547855202348,0,1,1,0,1
secondary,101,1,1,1,0.0277814259095809,0.0376254146663342,0.0327777224876673,0.0098439887567533,0.00499629657808632,-0.00484769217866698,NaN,NaN,NaN,NaN,NaN,NaN,0.0212136603445474,0.797451591350197,0.012845179673764,0.00585170851710405,1.85042096707202,0.55,0.2,0.11052084238498,0,1,1,0,1
secondary,101,2,0.97,1,0.0181587820558321,0.0263850593600765,0.0210148142138,0.00822627730424437,0.0028560321579679,-0.00537024514627647,NaN,NaN,NaN,NaN,NaN,NaN,0.0210054533362892,0.792780097372645,0.0124717119520335,0.00592747991567162,1.8645767338676,0.491275291950913,0.277199696188179,0.106500788782026,0,1,1,0,1
secondary,101,3,0.94,1,0.0142774427312178,0.0172132892358058,0.0143558259123644,0.00293584650458808,7.83831811466702e-05,-0.00285746332344141,NaN,NaN,NaN,NaN,NaN,NaN,0.0224340316754707,0.804598372177202,0.0129243255903771,0.00592796481929628,1.86811929681376,0.446144400533177,0.339988505941144,0.108662817410717,0,1,1,0,1
secondary,102,1,1,1,0.0368394217418913,0.0418449588429611,0.0385122834972481,0.00500553710106975,0.00167286175535681,-0.00333267534571294,NaN,NaN,NaN,NaN,NaN,NaN,0.0190830384405262,0.832108099005735,0.0140712287970858,0.00577990733314971,1.83678151819546,0.55,0.2,0.115635934315718,0,1,1,0,1
secondary,102,2,0.97,1,0.0177960532529524,0.0278128864941248,0.0227820500695612,0.0100168332411724,0.00498599681660881,-0.00503083642456354,NaN,NaN,NaN,NaN,NaN,NaN,0.0210654939259126,0.803052087093052,0.0143108852805721,0.00629044741687452,1.86830236545919,0.499612192914706,0.276661083833357,0.102777009595037,0,1,1,0,1
secondary,102,3,0.94,1,0.0106399542286004,0.0195952449419767,0.0146401718069045,0.00895529071337635,0.00400021757830414,-0.00495507313507221,NaN,NaN,NaN,NaN,NaN,NaN,0.0214772300860963,0.758978574818532,0.0120323836137874,0.0064334598407037,1.89830874088954,0.46452875650284,0.347904052800525,0.10651514210008,0,1,1,0,1
secondary,103,1,1,1,0.0325005045822994,0.0408704347430239,0.0366935017457995,0.00836993016072451,0.00419299716350011,-0.00417693299722439,NaN,NaN,NaN,NaN,NaN,NaN,0.0210693517121245,0.832925316482332,0.0145659628459619,0.00580192155182797,1.83482294216294,0.55,0.2,0.106760064393965,0,1,1,0,1
secondary,103,2,0.97,1,0.0288550006489083,0.0312151754593424,0.0268350551063609,0.00236017481043411,-0.00201994554254746,-0.00438012035298157,NaN,NaN,NaN,NaN,NaN,NaN,0.0207737710695291,0.802235308583582,0.012306328508052,0.00586331710662838,1.86191291661535,0.502437002101464,0.277435085375665,0.11050172940231,1,1,0,0,1
secondary,103,3,0.94,1,0.0131647552690339,0.0173575915058574,0.014508884893801,0.00419283623682347,0.0013441296247671,-0.00284870661205638,NaN,NaN,NaN,NaN,NaN,NaN,0.0231847209299022,0.812000010648808,0.0134971917027505,0.00589642516084457,1.86120128825982,0.4534057871808,0.33850050782642,0.117345851066742,0,1,1,0,1
secondary,104,1,1,1,0.0302742088263961,0.0389395214107725,0.0349607945441966,0.00866531258437641,0.00468658571780044,-0.00397872686657597,NaN,NaN,NaN,NaN,NaN,NaN,0.0217586386771064,0.849832263100322,0.015463246710768,0.00578579225425169,1.82560158727208,0.55,0.2,0.108901906938776,0,1,1,0,1
secondary,104,2,0.97,1,0.0125767341560608,0.0251962860436518,0.0208014627573049,0.012619551887591,0.00822472860124409,-0.00439482328634691,NaN,NaN,NaN,NaN,NaN,NaN,0.0222421393560786,0.815583642541323,0.0131867604723996,0.00587646568503242,1.85590060733659,0.508954545653117,0.277724358091219,0.102804718512256,0,1,1,0,1
secondary,104,3,0.94,1,0.0108250677587171,0.020522882154581,0.0161203114747597,0.00969781439586395,0.00529524371604264,-0.0044025706798213,NaN,NaN,NaN,NaN,NaN,NaN,0.0214563742052602,0.779008892347249,0.0126346933219871,0.00641689676163184,1.89285299616051,0.464686755154553,0.339491760134593,0.105270747928894,0,1,1,0,1
secondary,105,1,1,1,0.0317079208212316,0.0402717333109273,0.0354566465126611,0.00856381248969575,0.00374872569142955,-0.0048150867982662,NaN,NaN,NaN,NaN,NaN,NaN,0.0206464123067794,0.805698150324518,0.0132811545905806,0.00586103277082921,1.84726289948886,0.55,0.2,0.114280162409987,0,1,1,0,1
secondary,105,2,0.97,1,0.0237102651151725,0.0292752285043313,0.0247478545454888,0.00556496338915883,0.00103758943031636,-0.00452737395884246,NaN,NaN,NaN,NaN,NaN,NaN,0.0207363954945611,0.832502825602469,0.0144613649995741,0.0058706365353615,1.84567978533266,0.493986697490208,0.277863449534113,0.117171043723136,0,1,1,0,1
secondary,105,3,0.94,1,0.0114723664914454,0.0190299901835781,0.0152604075098845,0.00755762369213262,0.00378804101843905,-0.00376958267369357,NaN,NaN,NaN,NaN,NaN,NaN,0.0225799731504579,0.806485339777634,0.0132366258409587,0.00593247715719229,1.86537884949273,0.460874337224953,0.340535831715865,0.107858808391857,0,1,1,0,1
secondary,106,1,1,1,0.0271903524493603,0.0355490636338522,0.0311743661877496,0.00835871118449193,0.00398401373838931,-0.00437469744610262,NaN,NaN,NaN,NaN,NaN,NaN,0.0212190183500147,0.81978286733784,0.0142880359433408,0.00581874192372964,1.83731891669561,0.55,0.2,0.109507958295664,0,1,1,0,1
secondary,106,2,0.97,1,0.0146944688679467,0.0244034831311047,0.0195907058305496,0.00970901426315801,0.00489623696260288,-0.00481277730055513,NaN,NaN,NaN,NaN,NaN,NaN,0.0218735183714122,0.795837838699067,0.0140389457226954,0.00632073472901935,1.87197152773092,0.500023095857781,0.277685310084611,0.109170570856917,0,1,1,0,1
secondary,106,3,0.94,1,0.0162981073754397,0.0223019896349544,0.0204308597847346,0.00600388225951474,0.00413275240929499,-0.00187112985021975,NaN,NaN,NaN,NaN,NaN,NaN,0.0214413277921165,0.801859481662976,0.0126141499569206,0.00592145407132522,1.87003466451863,0.4633069464494,0.349350497503948,0.114342204937275,0,1,1,0,1
secondary,107,1,1,1,0.0231429421257026,0.0325831874918559,0.0281580555988434,0.00944024536615326,0.00501511347314074,-0.00442513189301252,NaN,NaN,NaN,NaN,NaN,NaN,0.0213194794986012,0.82941312683096,0.0144308585270829,0.00582329306143068,1.8365895171997,0.55,0.2,0.111050114703794,0,1,1,0,1
secondary,107,2,0.97,1,0.015598173240003,0.0245595963311268,0.020545324850276,0.0089614230911238,0.00494715161027299,-0.00401427148085081,NaN,NaN,NaN,NaN,NaN,NaN,0.0200292076394748,0.830283103699402,0.0137744801223973,0.00587649786456932,1.85187700365108,0.501917486768015,0.27796905752948,0.110817178155026,0,1,1,0,1
secondary,107,3,0.94,1,0.0227456962405185,0.0249547433601852,0.0249048772870835,0.00220904711966663,0.00215918104656498,-4.98660731016488e-05,NaN,NaN,NaN,NaN,NaN,NaN,0.0224264271912059,0.775035208938017,0.0129656565313202,0.00636526029165916,1.88742389028427,0.463367907320394,0.340465675682135,0.114054645329269,0,1,1,0,1
secondary,108,1,1,1,0.0257519810431338,0.0362904256292096,0.0311591177900347,0.0105384445860758,0.00540713674690096,-0.00513130783917486,NaN,NaN,NaN,NaN,NaN,NaN,0.0206065487223291,0.789069000892432,0.0138713411229515,0.0062829978581865,1.8633708102381,0.55,0.2,0.110247967496144,0,1,1,0,1
secondary,108,2,0.97,1,0.0129176443976409,0.0256576761544025,0.0215588634856697,0.0127400317567616,0.0086412190880288,-0.00409881266873277,NaN,NaN,NaN,NaN,NaN,NaN,0.0220418206335043,0.807393920239916,0.013122832689564,0.00587645369231651,1.8579402961318,0.498520434913198,0.286990049512639,0.107141499372105,0,1,1,0,1
secondary,108,3,0.94,1,0.0123788971445645,0.0232428865190878,0.0204318491501322,0.0108639893745233,0.00805295200556761,-0.00281103736895568,NaN,NaN,NaN,NaN,NaN,NaN,0.0214756782796344,0.800521454729674,0.0126908770022104,0.00595245118357053,1.87063040468342,0.456488233722299,0.346757903266965,0.108492175034007,0,1,1,0,1
secondary,109,1,1,1,0.0344636228032271,0.0424900418846769,0.0384701613709593,0.00802641908144987,0.00400653856773221,-0.00401988051371766,NaN,NaN,NaN,NaN,NaN,NaN,0.0196684531841504,0.81599323146263,0.0138424648038035,0.00581458802945576,1.84114095593737,0.55,0.2,0.112268588544419,0,1,1,0,1
secondary,109,2,0.97,1,0.0133841541271545,0.0283923443746146,0.023828973425552,0.01500819024746,0.0104448192983974,-0.00456337094906258,NaN,NaN,NaN,NaN,NaN,NaN,0.0222813580068637,0.818614914450502,0.0132664535218957,0.00587296695448549,1.8555080543315,0.497374848976316,0.277384875332974,0.110084122652586,0,1,1,0,1
secondary,109,3,0.94,1,0.0121471166593533,0.0234170383859102,0.0204930127531383,0.0112699217265569,0.008345896093785,-0.00292402563277192,NaN,NaN,NaN,NaN,NaN,NaN,0.0210911107257352,0.794119010036958,0.0134500761747519,0.00635788277522967,1.88427545638255,0.456925897559505,0.339205230387371,0.106364931201279,0,1,1,0,1
secondary,110,1,1,1,0.0265775879230944,0.0372587807552111,0.0327332975662066,0.0106811928321167,0.00615570964311224,-0.0045254831890045,NaN,NaN,NaN,NaN,NaN,NaN,0.02147144329802,0.819185650526988,0.0140458157408311,0.00582873090043711,1.83939562758766,0.55,0.2,0.118149944042336,0,1,1,0,1
secondary,110,2,0.97,1,0.0140432405954616,0.0265567831501204,0.0221152074508676,0.0125135425546588,0.00807196685540602,-0.00444157569925279,NaN,NaN,NaN,NaN,NaN,NaN,0.0216997533444236,0.810960245539481,0.0132184748124678,0.00588554717901237,1.85662373937685,0.499136852890828,0.277818390174495,0.116772775775122,0,1,1,0,1
secondary,110,3,0.94,1,0.0198304327620079,0.0246459949653987,0.02358122782022,0.00481556220339074,0.0037507950582121,-0.00106476714517864,NaN,NaN,NaN,NaN,NaN,NaN,0.0226384026140822,0.786181149286811,0.0121555553283429,0.00593888672353077,1.87349282612183,0.457522389040831,0.340103989370349,0.10907574766391,0,1,1,0,1
secondary,111,1,1,1,0.0223192646174524,0.0350561967477344,0.0295729811751372,0.0127369321302819,0.00725371655768478,-0.00548321557259717,NaN,NaN,NaN,NaN,NaN,NaN,0.0209503883097666,0.792274309923117,0.0137838337935086,0.0063131832527483,1.86533098246892,0.55,0.2,0.113339075250947,0,1,1,0,1
secondary,111,2,0.97,1,0.0112848999406812,0.0252546606134053,0.0210161639285657,0.0139697606727242,0.0097312639878845,-0.00423849668483966,NaN,NaN,NaN,NaN,NaN,NaN,0.022081741558537,0.80931391394194,0.013474433150405,0.00588463365577224,1.85559466123732,0.498588453128174,0.287614463307844,0.11070050889824,0,1,1,0,1
secondary,111,3,0.94,1,0.0138637713930159,0.0259508870440081,0.0236813292435824,0.0120871156509922,0.0098175578505665,-0.00226955780042567,NaN,NaN,NaN,NaN,NaN,NaN,0.0212380634602259,0.812904143708215,0.0131829197747912,0.00594194251569528,1.86607697579626,0.458235691898265,0.347990602043929,0.111789013977736,0,1,1,0,1
secondary,112,1,1,1,0.0295996596656862,0.0397078111657269,0.0349978851984747,0.0101081515000407,0.00539822553278851,-0.00470992596725218,NaN,NaN,NaN,NaN,NaN,NaN,0.0203511595020692,0.818765861560485,0.0138388532131475,0.00584371755541311,1.84157884297793,0.55,0.2,0.104123707620084,0,1,1,0,1
secondary,112,2,0.97,1,0.0119925231436585,0.0282822638046681,0.0234921484190268,0.0162897406610096,0.0114996252753683,-0.00479011538564133,NaN,NaN,NaN,NaN,NaN,NaN,0.0216063822890014,0.794656551860569,0.0138345788053632,0.00632248936064392,1.87309764260612,0.498070896058495,0.277997495086286,0.106739249890254,0,1,1,0,1
secondary,112,3,0.94,1,0.0179100389677731,0.0244307080175018,0.0230884907088731,0.00652066904972875,0.00517845174110005,-0.0013422173086287,NaN,NaN,NaN,NaN,NaN,NaN,0.0232085691486755,0.802936107025444,0.0129480269081839,0.00591452699201561,1.86684307159103,0.461033984543772,0.349398187062532,0.113445149024527,0,1,1,0,1
secondary,113,1,1,1,0.0339733527667554,0.0416524118542306,0.0369642756723493,0.00767905908747525,0.00299092290559391,-0.00468813618188134,NaN,NaN,NaN,NaN,NaN,NaN,0.0195702529310307,0.803545309112115,0.0143550736836117,0.00627863594643246,1.85852090987979,0.55,0.2,0.112233844803953,0,1,1,0,1
secondary,113,2,0.97,1,0.0197293768826725,0.0323210277610013,0.027480444048867,0.0125916508783288,0.00775106716619444,-0.00484058371213434,NaN,NaN,NaN,NaN,NaN,NaN,0.019172996654095,0.801828030048544,0.0139678411883809,0.00633249846185299,1.87367102123865,0.501599055780016,0.287253602961435,0.110122764001223,0,1,1,0,1
secondary,113,3,0.94,1,0.0143768151289955,0.0260038713800742,0.0234785447883581,0.0116270562510788,0.00910172965936259,-0.00252532659171618,NaN,NaN,NaN,NaN,NaN,NaN,0.0223635749465606,0.810297166705173,0.0131069314352849,0.00591712315185006,1.86763331510957,0.46428069917615,0.357334757034477,0.111180941264808,0,1,1,0,1
secondary,114,1,1,1,0.031110874747269,0.041625084742899,0.0371752293078212,0.01051420999563,0.00606435456055215,-0.00444985543507784,NaN,NaN,NaN,NaN,NaN,NaN,0.0193372269222262,0.811752773843093,0.0136106362942638,0.00585086423213415,1.84408809354983,0.55,0.2,0.108047658059537,0,1,1,0,1
secondary,114,2,0.97,1,0.0187975882772337,0.0305332460660949,0.0258176224456621,0.0117356577888612,0.00702003416842842,-0.00471562362043275,NaN,NaN,NaN,NaN,NaN,NaN,0.0209575972777838,0.827326348048805,0.0140425971689477,0.0058810055289111,1.84949334297998,0.496405537285215,0.278007809567189,0.109563028667506,0,1,1,0,1
secondary,114,3,0.94,1,0.0102967615200745,0.0253668044337578,0.0210773801449635,0.0150700429136833,0.010780618624889,-0.0042894242887943,NaN,NaN,NaN,NaN,NaN,NaN,0.0210665648321876,0.791036270298475,0.0123326883940149,0.00597352869001211,1.8735409556545,0.460722592304877,0.34074106680654,0.116495457153337,0,1,1,0,1
secondary,115,1,1,1,0.0323722281410539,0.0388907068157673,0.034509486050306,0.00651847867471339,0.00213725790925204,-0.00438122076546135,NaN,NaN,NaN,NaN,NaN,NaN,0.0211754869118208,0.829066363076243,0.0144837885790335,0.00583380221368679,1.83477546877399,0.55,0.2,0.111275613232404,0,1,1,0,1
secondary,115,2,0.97,1,0.0180446695158909,0.0300986949166021,0.0263918657722542,0.0120540254007112,0.00834719625636332,-0.00370682914434789,NaN,NaN,NaN,NaN,NaN,NaN,0.0197144555551546,0.829044087484491,0.013864324009571,0.00583200260046855,1.84866387076785,0.502036113131859,0.278142012641002,0.109478583710449,0,1,1,0,1
secondary,115,3,0.94,1,0.0170150965528579,0.026742289356907,0.0246129744792467,0.00972719280404916,0.00759787792638884,-0.00212931487766032,NaN,NaN,NaN,NaN,NaN,NaN,0.0222569659914119,0.779788971035751,0.0129780422002616,0.00637047113284187,1.88803202828207,0.464126813101174,0.339839943204914,0.113192654729974,0,1,1,0,1
secondary,116,1,1,1,0.026059260787018,0.0378389825642704,0.0334271781717401,0.0117797217772524,0.00736791738472213,-0.00441180439253023,NaN,NaN,NaN,NaN,NaN,NaN,0.0211968260092173,0.826607070969754,0.0143851135667863,0.00581949141891706,1.83595826139034,0.55,0.2,0.12109585256031,0,1,1,0,1
secondary,116,2,0.97,1,0.0203344059274729,0.0309032674514462,0.0266164784873478,0.0105688615239733,0.00628207255987494,-0.00428678896409835,NaN,NaN,NaN,NaN,NaN,NaN,0.0211643063136051,0.83806358324336,0.014056398543857,0.00586719152623847,1.84823785790514,0.50172802471825,0.277920955291272,0.113706702805478,0,1,1,0,1
secondary,116,3,0.94,1,0.0148404215671965,0.0278977912332014,0.0249355607600394,0.0130573696660049,0.0100951391928429,-0.00296223047316198,NaN,NaN,NaN,NaN,NaN,NaN,0.0218335658279067,0.76245185620701,0.0121625113348328,0.00641067474316765,1.89647696275388,0.465220979174902,0.340348253064765,0.110661077344284,0,1,1,0,1
secondary,117,1,1,1,0.0327930343191209,0.0409154821959317,0.0366451041616093,0.00812244787681073,0.00385206984248839,-0.00427037803432234,NaN,NaN,NaN,NaN,NaN,NaN,0.0184723037997758,0.790280343206879,0.0136442581112547,0.00626264961308068,1.86428353558122,0.55,0.2,0.120086185128901,0,1,1,0,1
secondary,117,2,0.97,1,0.0139064659823278,0.0306842325288585,0.0267833458340198,0.0167777665465307,0.012876879851692,-0.00390088669483871,NaN,NaN,NaN,NaN,NaN,NaN,0.020967647384929,0.821771044533171,0.0136614882383973,0.00585806019140876,1.8525298239796,0.496942413073289,0.286574431080072,0.112679707208197,0,1,1,0,1
secondary,117,3,0.94,1,0.0147126681395263,0.027068363552808,0.0248830382975242,0.0123556954132817,0.0101703701579979,-0.00218532525528378,NaN,NaN,NaN,NaN,NaN,NaN,0.0222545868625055,0.819632471631549,0.0134934667643982,0.0059149187532482,1.86214619354799,0.459017961360923,0.346759657699675,0.110266883528633,0,1,1,0,1
secondary,118,1,1,1,0.0179085706560534,0.0367063939950342,0.032252723865493,0.0187978233389808,0.0143441532094396,-0.00445367012954123,NaN,NaN,NaN,NaN,NaN,NaN,0.0214795774287232,0.807884914818746,0.0137204764231877,0.00582314574965371,1.84116465834949,0.55,0.2,0.110294878290631,0,1,1,0,1
secondary,118,2,0.97,1,0.0128842542581054,0.029905699047315,0.0250574687151584,0.0170214447892095,0.012173214457053,-0.00484823033215657,NaN,NaN,NaN,NaN,NaN,NaN,0.0213983711677078,0.784919275471316,0.0133400102709203,0.0063382731048104,1.87767359918013,0.497173758099691,0.277066433236856,0.106895007162747,0,1,1,0,1
secondary,118,3,0.94,1,0.0186444074583859,0.0265262241335742,0.0251745558790017,0.00788181667518831,0.00653014842061579,-0.00135166825457252,NaN,NaN,NaN,NaN,NaN,NaN,0.0227109631094454,0.80440785297104,0.0141796025047528,0.00634105930621812,1.87824728050569,0.457390175882941,0.348996606197912,0.106317860444255,0,1,1,0,1
secondary,119,1,1,1,0.0341250228293382,0.043035753151515,0.03876506582693,0.0089107303221768,0.00464004299759176,-0.00427068732458505,NaN,NaN,NaN,NaN,NaN,NaN,0.0207428315378807,0.806306830134568,0.0134295768877974,0.00582821716861658,1.84399392897083,0.55,0.2,0.117191907868919,0,1,1,0,1
secondary,119,2,0.97,1,0.0130364367159174,0.0311463658245464,0.0259163170588712,0.018109929108629,0.0128798803429538,-0.00523004876567518,NaN,NaN,NaN,NaN,NaN,NaN,0.0219076021976541,0.785760869119405,0.0135687333045211,0.00633763405388519,1.87564236139092,0.495119783583618,0.277403697440191,0.107475164493364,0,1,1,0,1
secondary,119,3,0.94,1,0.0103743495171643,0.0273731191986211,0.0241930119352363,0.0169987696814568,0.0138186624180721,-0.00318010726338475,NaN,NaN,NaN,NaN,NaN,NaN,0.0222396354887761,0.829870898473852,0.0143488646291719,0.00590115584695276,1.85578604455451,0.457022142459403,0.349290327789231,0.0953291282936759,0,1,1,0,1
secondary,120,1,1,1,0.0215703221375094,0.0360186233757714,0.031068497510135,0.014448301238262,0.00949817537262567,-0.00495012586563632,NaN,NaN,NaN,NaN,NaN,NaN,0.0205531431605674,0.788754008211909,0.0135723198446116,0.00628542282363375,1.86593902936391,0.55,0.2,0.114666446927244,0,1,1,0,1
secondary,120,2,0.97,1,0.010339145484194,0.0274065896089951,0.0239459542842108,0.0170674441248011,0.0136068088000168,-0.00346063532478433,NaN,NaN,NaN,NaN,NaN,NaN,0.0221585941053778,0.819888887268623,0.0135753455145744,0.0058799586635918,1.85411741529232,0.497637139562804,0.287107410199699,0.109010961731162,0,1,1,0,1
secondary,120,3,0.94,1,0.0154883438389666,0.030182745916849,0.0277878028402568,0.0146944020778824,0.0122994590012902,-0.00239494307659225,NaN,NaN,NaN,NaN,NaN,NaN,0.0211791055751442,0.800575136441906,0.0137511196361578,0.00638846934183207,1.88351697430152,0.459628728795585,0.347751893779006,0.104976717572149,0,1,1,0,1
secondary,121,1,1,1,0.0236019864050408,0.038393656400018,0.0339766564143845,0.0147916699949772,0.0103746700093436,-0.00441699998563352,NaN,NaN,NaN,NaN,NaN,NaN,0.0215848017356586,0.83028715688817,0.0147082305406309,0.00580619103438684,1.83204625856712,0.55,0.2,0.113025465730724,0,1,1,0,1
secondary,121,2,0.97,1,0.012140489063367,0.0289976650686023,0.0248382267335789,0.0168571760052353,0.0126977376702119,-0.00415943833502343,NaN,NaN,NaN,NaN,NaN,NaN,0.0218452987422885,0.810545041702376,0.0143355802454431,0.00630187183648796,1.86875190938076,0.504284405266257,0.277872952467709,0.113313667923121,0,1,1,0,1
secondary,121,3,0.94,1,0.0174460959718694,0.0305990037604648,0.0285733014160364,0.0131529077885954,0.011127205444167,-0.00202570234442844,NaN,NaN,NaN,NaN,NaN,NaN,0.0208536161964919,0.803483734534968,0.0139661320672743,0.00634184684617487,1.88106319551122,0.469818207330747,0.349421660182028,0.111271092651298,0,1,1,0,1
secondary,122,1,1,1,0.0241478950150152,0.037470967902797,0.0330490724192916,0.0133230728877818,0.00890117740427635,-0.00442189548350547,NaN,NaN,NaN,NaN,NaN,NaN,0.0208152460078058,0.827420818365609,0.0147169356994404,0.00581969560364429,1.83293715499055,0.55,0.2,0.115848844538323,0,1,1,0,1
secondary,122,2,0.97,1,0.0106313357640389,0.0285041705303507,0.0245576518142058,0.0178728347663117,0.0139263160501668,-0.00394651871614489,NaN,NaN,NaN,NaN,NaN,NaN,0.0218354763260875,0.799119979721777,0.0125574913744799,0.00590706606102251,1.86340705528788,0.503528579285249,0.278244113799418,0.109970418178309,0,1,1,0,1
secondary,122,3,0.94,1,0.0214521407706134,0.0310112176558359,0.0299159640255534,0.00955907688522251,0.00846382325493993,-0.00109525363028258,NaN,NaN,NaN,NaN,NaN,NaN,0.0231029049946245,0.818880560664035,0.0133917425192108,0.0059157300255949,1.86229776912025,0.456862482555211,0.340556565518279,0.109692867318317,0,1,1,0,1
secondary,123,1,1,1,0.0228351072711709,0.0412144261341061,0.0356478839071893,0.0183793188629353,0.0128127766360184,-0.00556654222691686,NaN,NaN,NaN,NaN,NaN,NaN,0.0218560479919077,0.770892409339347,0.0133511943572201,0.00627204838679441,1.86634776394155,0.55,0.2,0.10845386887089,0,1,1,0,1
secondary,123,2,0.97,1,0.0126238233209197,0.032085807609118,0.0275527520089973,0.0194619842881983,0.0149289286880776,-0.00453305560012073,NaN,NaN,NaN,NaN,NaN,NaN,0.0219239945141118,0.813004686008692,0.0134394448208371,0.00587700022035298,1.85506030895568,0.494961348479641,0.286089144113494,0.11685422555519,0,1,1,0,1
secondary,123,3,0.94,1,0.0120756721835308,0.0302174044743654,0.0266513962494486,0.0181417322908345,0.0145757240659178,-0.00356600822491677,NaN,NaN,NaN,NaN,NaN,NaN,0.0206711736455295,0.804931726473644,0.013007092910291,0.00593348863933099,1.86690740609239,0.456255170675604,0.346693455288087,0.104462098525473,0,1,1,0,1
secondary,124,1,1,1,0.0327630458555719,0.0435685081522777,0.0390037314044123,0.0108054622967058,0.00624068554884041,-0.00456477674786539,NaN,NaN,NaN,NaN,NaN,NaN,0.0209043649060809,0.804397202784499,0.0131373257480097,0.00584754016267204,1.84762039331907,0.55,0.2,0.108766028635357,0,1,1,0,1
secondary,124,2,0.97,1,0.0231420623230532,0.0348027259724704,0.0304166414919937,0.0116606636494172,0.00727457916894053,-0.00438608448047665,NaN,NaN,NaN,NaN,NaN,NaN,0.0202596492000297,0.828482795146189,0.0137727344654972,0.00588765028513836,1.8514554959784,0.494128908509151,0.277879865819197,0.111973883839297,0,1,1,0,1
secondary,124,3,0.94,1,0.0203418668053847,0.0307560920912132,0.029261908890843,0.0104142252858286,0.00892004208545833,-0.00149418320037023,NaN,NaN,NaN,NaN,NaN,NaN,0.022962028159778,0.799568880150289,0.0129469060436829,0.00591278735067568,1.86591566290123,0.457872534369499,0.340732814767754,0.112125545247171,0,1,1,0,1
