scenario_name,battery_no,num_cycles_evaluated,mean_rmse_ekf,mean_rmse_gpr,mean_rmse_ekf_late,mean_rmse_gpr_late,num_gpr_improved_vs_ekf,num_gpr_worse_vs_ekf,gpr_improve_rate_vs_ekf,gpr_failure_rate_vs_ekf,num_qnom_clamped_cycles
baseline,1,3,0.0234455320241456,0.0375051290373939,NaN,NaN,0,3,0,1,3
baseline,3,3,0.0224287076296423,0.0388720352614309,NaN,NaN,0,3,0,1,3
baseline,5,3,0.0227793999235865,0.0395488779631279,NaN,NaN,0,3,0,1,3
baseline,7,3,0.025976684021024,0.0400921203561064,NaN,NaN,0,3,0,1,3
baseline,11,3,0.0228072234474651,0.0387626939982749,NaN,NaN,0,3,0,1,3
baseline,13,3,0.028879666349165,0.0432708868995571,NaN,NaN,0,3,0,1,3
baseline,17,3,0.0233866582848718,0.039424886964192,NaN,NaN,0,3,0,1,3
baseline,20,3,0.0277889209154086,0.0429590705569664,NaN,NaN,0,3,0,1,3
baseline,22,3,0.0387534431722988,0.0466369561913697,NaN,NaN,0,3,0,1,3
baseline,24,3,0.0326795034923529,0.0435508986007195,NaN,NaN,0,3,0,1,3
baseline,26,3,0.0292232233844118,0.0443659578426677,NaN,NaN,0,3,0,1,3
baseline,28,3,0.0369650049680335,0.0453492524982495,NaN,NaN,0,3,0,1,3
baseline,30,3,0.0297441256778309,0.0433864094819792,NaN,NaN,0,3,0,1,3
baseline,32,3,0.0352478285292288,0.0451835935604091,NaN,NaN,0,3,0,1,3
baseline,34,3,0.0336960404259894,0.0438513706709831,NaN,NaN,0,3,0,1,3
baseline,36,3,0.0397619462917161,0.0480714040168647,NaN,NaN,0,3,0,1,3
baseline,38,3,0.0367930171563639,0.0457955307927402,NaN,NaN,0,3,0,1,3
baseline,40,3,0.0438720853073209,0.0492290029323042,NaN,NaN,0,3,0,1,3
baseline,43,3,0.0392283422809057,0.0433974685434895,NaN,NaN,1,2,0.333333333333333,0.666666666666667,3
baseline,45,3,0.0360074245865294,0.0416980488845562,NaN,NaN,0,3,0,1,3
baseline,47,3,0.0404550104522305,0.0424201109475593,NaN,NaN,1,2,0.333333333333333,0.666666666666667,3
baseline,49,3,0.0380790466304095,0.0424329424939885,NaN,NaN,0,3,0,1,3
baseline,51,3,0.0414066516325666,0.044025473908873,NaN,NaN,1,2,0.333333333333333,0.666666666666667,3
baseline,53,3,0.0403743358357873,0.0458174221329601,NaN,NaN,0,3,0,1,3
baseline,55,3,0.034032096493979,0.0397186792764601,NaN,NaN,0,3,0,1,3
baseline,57,3,0.042334807184654,0.0472000783290929,NaN,NaN,0,3,0,1,3
baseline,59,3,0.0450995718048262,0.0465726958703673,NaN,NaN,1,2,0.333333333333333,0.666666666666667,3
baseline,61,3,0.0353394433809857,0.0397534448716464,NaN,NaN,0,3,0,1,3
baseline,63,3,0.0433868401392292,0.0445308348727116,NaN,NaN,2,1,0.666666666666667,0.333333333333333,3
baseline,65,3,0.0418666713238097,0.040725432641576,NaN,NaN,2,1,0.666666666666667,0.333333333333333,3
baseline,67,3,0.0396951823857253,0.0391868868572528,NaN,NaN,1,2,0.333333333333333,0.666666666666667,3
baseline,69,3,0.042297461921114,0.0415763178176357,NaN,NaN,1,2,0.333333333333333,0.666666666666667,3
baseline,71,3,0.0359902331370508,0.037365952629687,NaN,NaN,1,2,0.333333333333333,0.666666666666667,3
baseline,73,3,0.0358708216820732,0.0401010116491438,NaN,NaN,1,2,0.333333333333333,0.666666666666667,3
baseline,75,3,0.0353823790027242,0.0358221362325114,NaN,NaN,2,1,0.666666666666667,0.333333333333333,3
baseline,77,3,0.0374009629332179,0.0381923461553786,NaN,NaN,1,2,0.333333333333333,0.666666666666667,3
baseline,79,3,0.0339507462084237,0.0376532832723191,NaN,NaN,0,3,0,1,3
baseline,81,3,0.0317269795189359,0.0331880267190653,NaN,NaN,0,3,0,1,3
baseline,83,3,0.0275396216662014,0.0323135230257575,NaN,NaN,0,3,0,1,3
baseline,84,3,0.0264335140305918,0.0236852983415196,NaN,NaN,2,1,0.666666666666667,0.333333333333333,3
current_bias,1,3,0.0230978427795735,0.0365558990699379,NaN,NaN,0,3,0,1,3
current_bias,3,3,0.0244187949149328,0.0395626876745792,NaN,NaN,0,3,0,1,3
current_bias,5,3,0.0223891535065727,0.0392875068621147,NaN,NaN,0,3,0,1,3
current_bias,7,3,0.0197883029687952,0.0385381658004663,NaN,NaN,0,3,0,1,3
current_bias,11,3,0.0209190597015661,0.0395175697429304,NaN,NaN,0,3,0,1,3
current_bias,13,3,0.0267767159916668,0.0424682529137481,NaN,NaN,0,3,0,1,3
current_bias,17,3,0.0255908969328176,0.0399717941811641,NaN,NaN,0,3,0,1,3
current_bias,20,3,0.0240030358234976,0.0417897298293725,NaN,NaN,0,3,0,1,3
current_bias,22,3,0.0343963194497293,0.0464884570414744,NaN,NaN,0,3,0,1,3
current_bias,24,3,0.0321279325509141,0.0436442661220651,NaN,NaN,0,3,0,1,3
current_bias,26,3,0.0282433890947864,0.044454384769254,NaN,NaN,0,3,0,1,3
current_bias,28,3,0.0265344149871635,0.0416065525202535,NaN,NaN,0,3,0,1,3
current_bias,30,3,0.032598025191578,0.0443879081337935,NaN,NaN,0,3,0,1,3
current_bias,32,3,0.0373343706670457,0.0453333492112047,NaN,NaN,0,3,0,1,3
current_bias,34,3,0.0344669503129805,0.0434505597479869,NaN,NaN,0,3,0,1,3
current_bias,36,3,0.0319375274151775,0.0459912832843663,NaN,NaN,0,3,0,1,3
current_bias,38,3,0.0403537794771342,0.0466449555053307,NaN,NaN,0,3,0,1,3
current_bias,40,3,0.0466930655220756,0.0493251172128772,NaN,NaN,1,2,0.333333333333333,0.666666666666667,3
current_bias,43,3,0.0310158593712546,0.0429630149265796,NaN,NaN,0,3,0,1,3
current_bias,45,3,0.0360498680385581,0.0416072779017688,NaN,NaN,1,2,0.333333333333333,0.666666666666667,3
current_bias,47,3,0.0310912976183015,0.0408726635391623,NaN,NaN,0,3,0,1,3
current_bias,49,3,0.0352107810892459,0.0415208103223015,NaN,NaN,0,3,0,1,3
current_bias,51,3,0.0336488624220337,0.0418714246348129,NaN,NaN,0,3,0,1,3
current_bias,53,3,0.0420730635235614,0.0453837707582101,NaN,NaN,1,2,0.333333333333333,0.666666666666667,3
current_bias,55,3,0.0318348823765962,0.0394284323344189,NaN,NaN,0,3,0,1,3
current_bias,57,3,0.0418467937434772,0.0463610135813494,NaN,NaN,0,3,0,1,3
current_bias,59,3,0.0373968822866125,0.0436324903630974,NaN,NaN,0,3,0,1,3
current_bias,61,3,0.0377789371386931,0.0396584592621683,NaN,NaN,0,3,0,1,3
current_bias,63,3,0.0365239161645721,0.0417340489057388,NaN,NaN,0,3,0,1,3
current_bias,65,3,0.0334062054596609,0.038763383139543,NaN,NaN,0,3,0,1,3
current_bias,67,3,0.0358597664540416,0.0381631737524417,NaN,NaN,1,2,0.333333333333333,0.666666666666667,3
current_bias,69,3,0.0373780822849156,0.0402169919585502,NaN,NaN,0,3,0,1,3
current_bias,71,3,0.0330240417443393,0.0362905286494801,NaN,NaN,0,3,0,1,3
current_bias,73,3,0.0377278477894229,0.0400108217084021,NaN,NaN,0,3,0,1,3
current_bias,75,3,0.0302739143519501,0.0344402012718742,NaN,NaN,1,2,0.333333333333333,0.666666666666667,3
current_bias,77,3,0.0351006153850804,0.0371563304405165,NaN,NaN,0,3,0,1,3
current_bias,79,3,0.0378497414431715,0.0380340762610991,NaN,NaN,1,2,0.333333333333333,0.666666666666667,3
current_bias,81,3,0.029316577133232,0.032411631459378,NaN,NaN,0,3,0,1,3
current_bias,83,3,0.033221192566167,0.034089135149144,NaN,NaN,1,2,0.333333333333333,0.666666666666667,3
current_bias,84,3,0.0228319979152919,0.0217652353964989,NaN,NaN,1,2,0.333333333333333,0.666666666666667,3
high_noise,1,3,0.0239586832270917,0.0363896412660253,NaN,NaN,0,3,0,1,3
high_noise,3,3,0.0223108535136279,0.0373682006482719,NaN,NaN,0,3,0,1,3
high_noise,5,3,0.023041347319004,0.0378509200385575,NaN,NaN,0,3,0,1,3
high_noise,7,3,0.0286369552959616,0.0408341520083845,NaN,NaN,0,3,0,1,3
high_noise,11,3,0.0254526080370598,0.0399816352007933,NaN,NaN,0,3,0,1,3
high_noise,13,3,0.0213383460555822,0.0396929607720047,NaN,NaN,0,3,0,1,3
high_noise,17,3,0.0307389336249273,0.0410014989457698,NaN,NaN,0,3,0,1,3
high_noise,20,3,0.0298214886104884,0.0426946327184787,NaN,NaN,0,3,0,1,3
high_noise,22,3,0.0313415524744522,0.0460082391109933,NaN,NaN,0,3,0,1,3
high_noise,24,3,0.0335269711017644,0.0438052625706971,NaN,NaN,0,3,0,1,3
high_noise,26,3,0.0369314258357221,0.0455970051562205,NaN,NaN,0,3,0,1,3
high_noise,28,3,0.0336714560526141,0.0445188699157766,NaN,NaN,0,3,0,1,3
high_noise,30,3,0.0344168666578707,0.0429640791302388,NaN,NaN,0,3,0,1,3
high_noise,32,3,0.0292003052679326,0.0436550458280502,NaN,NaN,0,3,0,1,3
high_noise,34,3,0.0413522146237899,0.043859152795355,NaN,NaN,1,2,0.333333333333333,0.666666666666667,3
high_noise,36,3,0.0380817635877945,0.0480185369678796,NaN,NaN,0,3,0,1,3
high_noise,38,3,0.0392482515732499,0.0475327574761198,NaN,NaN,0,3,0,1,3
high_noise,40,3,0.0437324790934457,0.0498344533229609,NaN,NaN,0,3,0,1,3
high_noise,43,3,0.0407957792172187,0.0444583191112684,NaN,NaN,1,2,0.333333333333333,0.666666666666667,3
high_noise,45,3,0.0324226774951702,0.0416488316970842,NaN,NaN,0,3,0,1,3
high_noise,47,3,0.0446542746212481,0.0437035694645846,NaN,NaN,2,1,0.666666666666667,0.333333333333333,3
high_noise,49,3,0.0351384342203231,0.0422383243673717,NaN,NaN,0,3,0,1,3
high_noise,51,3,0.0437153443179894,0.0451952686854601,NaN,NaN,1,2,0.333333333333333,0.666666666666667,3
high_noise,53,3,0.0385209503572074,0.0459102690555694,NaN,NaN,1,2,0.333333333333333,0.666666666666667,3
high_noise,55,3,0.0330328164446007,0.0402146677558204,NaN,NaN,0,3,0,1,3
high_noise,57,3,0.047246260674286,0.0486344915368292,NaN,NaN,2,1,0.666666666666667,0.333333333333333,3
high_noise,59,3,0.0448489516055568,0.047046244339391,NaN,NaN,0,3,0,1,3
high_noise,61,3,0.031786967062984,0.0396433407005249,NaN,NaN,0,3,0,1,3
high_noise,63,3,0.0373397656393731,0.0436040510031717,NaN,NaN,0,3,0,1,3
high_noise,65,3,0.0361849675304209,0.0402338756304393,NaN,NaN,0,3,0,1,3
high_noise,67,3,0.034320368790105,0.0379884893273991,NaN,NaN,0,3,0,1,3
high_noise,69,3,0.0377184492311712,0.0401026258283328,NaN,NaN,1,2,0.333333333333333,0.666666666666667,3
high_noise,71,3,0.0283070116568969,0.0340204857815496,NaN,NaN,0,3,0,1,3
high_noise,73,3,0.0339218447261655,0.039140680496255,NaN,NaN,0,3,0,1,3
high_noise,75,3,0.034709882689626,0.0363860988650629,NaN,NaN,0,3,0,1,3
high_noise,77,3,0.0381640702440829,0.0377443585544045,NaN,NaN,2,1,0.666666666666667,0.333333333333333,3
high_noise,79,3,0.038082421816013,0.039093063719057,NaN,NaN,1,2,0.333333333333333,0.666666666666667,3
high_noise,81,3,0.0352292231779118,0.0351130412110318,NaN,NaN,2,1,0.666666666666667,0.333333333333333,3
high_noise,83,3,0.0322308953761678,0.0336434114179619,NaN,NaN,1,2,0.333333333333333,0.666666666666667,3
high_noise,84,3,0.0253476337379626,0.021060772976437,NaN,NaN,2,1,0.666666666666667,0.333333333333333,3
init_soc_plus5,1,3,0.0253188971731903,0.0360693139768525,NaN,NaN,1,2,0.333333333333333,0.666666666666667,3
init_soc_plus5,3,3,0.0285819184117631,0.0389900611783039,NaN,NaN,0,3,0,1,3
init_soc_plus5,5,3,0.0325416107543984,0.040140191645739,NaN,NaN,1,2,0.333333333333333,0.666666666666667,3
init_soc_plus5,7,3,0.0276153396151677,0.038529521778007,NaN,NaN,0,3,0,1,3
init_soc_plus5,11,3,0.0344293486075596,0.0384236219624145,NaN,NaN,1,2,0.333333333333333,0.666666666666667,3
init_soc_plus5,13,3,0.0403607146415939,0.0426868658910728,NaN,NaN,1,2,0.333333333333333,0.666666666666667,3
init_soc_plus5,17,3,0.036121091204001,0.0411169834388975,NaN,NaN,1,2,0.333333333333333,0.666666666666667,3
init_soc_plus5,20,3,0.0382536129754674,0.0411339140796747,NaN,NaN,1,2,0.333333333333333,0.666666666666667,3
init_soc_plus5,22,3,0.0486179916415412,0.0469956454766097,NaN,NaN,2,1,0.666666666666667,0.333333333333333,3
init_soc_plus5,24,3,0.0433046551483794,0.0439391329104328,NaN,NaN,1,2,0.333333333333333,0.666666666666667,3
init_soc_plus5,26,3,0.0412951611346549,0.0463136240128775,NaN,NaN,1,2,0.333333333333333,0.666666666666667,3
init_soc_plus5,28,3,0.0393732510087553,0.0463364127023742,NaN,NaN,1,2,0.333333333333333,0.666666666666667,3
init_soc_plus5,30,3,0.0412569727144063,0.0445853954802168,NaN,NaN,1,2,0.333333333333333,0.666666666666667,3
init_soc_plus5,32,3,0.0424242530966653,0.0447330731684291,NaN,NaN,2,1,0.666666666666667,0.333333333333333,3
init_soc_plus5,34,3,0.0437788862915554,0.0445725661539985,NaN,NaN,2,1,0.666666666666667,0.333333333333333,3
init_soc_plus5,36,3,0.0495210702222162,0.0487277730389775,NaN,NaN,1,2,0.333333333333333,0.666666666666667,3
init_soc_plus5,38,3,0.0562926378744275,0.0483577846945518,NaN,NaN,3,0,1,0,3
init_soc_plus5,40,3,0.0591735281652243,0.0514092946250727,NaN,NaN,3,0,1,0,3
init_soc_plus5,43,3,0.0501372866662671,0.0446822424253263,NaN,NaN,3,0,1,0,3
init_soc_plus5,45,3,0.0490122095605839,0.043899893734306,NaN,NaN,2,1,0.666666666666667,0.333333333333333,3
init_soc_plus5,47,3,0.0506792403363606,0.0435876143389761,NaN,NaN,3,0,1,0,3
init_soc_plus5,49,3,0.0403324744188352,0.0423275065786889,NaN,NaN,1,2,0.333333333333333,0.666666666666667,3
init_soc_plus5,51,3,0.0404643536888009,0.0428419111142514,NaN,NaN,1,2,0.333333333333333,0.666666666666667,3
init_soc_plus5,53,3,0.0491276456601206,0.0469345683089136,NaN,NaN,2,1,0.666666666666667,0.333333333333333,3
init_soc_plus5,55,3,0.0476779780650256,0.0417242014689642,NaN,NaN,3,0,1,0,3
init_soc_plus5,57,3,0.0520698525267739,0.0487767226474105,NaN,NaN,2,1,0.666666666666667,0.333333333333333,3
init_soc_plus5,59,3,0.0547259371793029,0.0479866521717565,NaN,NaN,3,0,1,0,3
init_soc_plus5,61,3,0.0424790599773397,0.0406196385726696,NaN,NaN,2,1,0.666666666666667,0.333333333333333,3
init_soc_plus5,63,3,0.0478118251590909,0.0455017655539674,NaN,NaN,2,1,0.666666666666667,0.333333333333333,3
init_soc_plus5,65,3,0.0474156930421712,0.0421613144494703,NaN,NaN,2,1,0.666666666666667,0.333333333333333,3
init_soc_plus5,67,3,0.0448851465305982,0.0401215999470194,NaN,NaN,3,0,1,0,3
init_soc_plus5,69,3,0.0431642227745411,0.0410275187988363,NaN,NaN,2,1,0.666666666666667,0.333333333333333,3
init_soc_plus5,71,3,0.0456333989959887,0.0393378473287913,NaN,NaN,3,0,1,0,3
init_soc_plus5,73,3,0.0422667075586891,0.0412921861575038,NaN,NaN,2,1,0.666666666666667,0.333333333333333,3
init_soc_plus5,75,3,0.0363915452149167,0.037719616490452,NaN,NaN,1,2,0.333333333333333,0.666666666666667,3
init_soc_plus5,77,3,0.0365467937142073,0.0369867628853683,NaN,NaN,2,1,0.666666666666667,0.333333333333333,3
init_soc_plus5,79,3,0.0367993551612202,0.0392656257043861,NaN,NaN,1,2,0.333333333333333,0.666666666666667,3
init_soc_plus5,81,3,0.0306684887083531,0.0342368728371909,NaN,NaN,1,2,0.333333333333333,0.666666666666667,3
init_soc_plus5,83,3,0.0360497674650168,0.0355954024811256,NaN,NaN,1,2,0.333333333333333,0.666666666666667,3
init_soc_plus5,84,3,0.0241648589620116,0.0219210135899028,NaN,NaN,2,1,0.666666666666667,0.333333333333333,3
