scenario_name,battery_no,cycle_idx,qnom_start_frac,qnom_was_clamped,init_soc_offset,i_noise_mult,v_noise_mult,current_bias_frac,rmse_ekf,rmse_gpr,delta_gpr_vs_ekf,rmse_ekf_late,rmse_gpr_late,delta_gpr_vs_ekf_late,mean_abs_residual_pred,rmse_v,is_gpr_improved_vs_ekf,is_gpr_worse_vs_ekf,is_selected_cycle
baseline,1,1,1,1,0,1,1,0,0.0325444313957787,0.0455938290406267,0.013049397644848,NaN,NaN,NaN,0.0200156365308192,0.108984979992922,0,1,1
baseline,1,2,0.97,1,0,1,1,0,0.0223722244221611,0.0359267464428095,0.0135545220206484,NaN,NaN,NaN,0.0204155612157454,0.116295566878834,0,1,1
baseline,1,3,0.94,1,0,1,1,0,0.0154199402544969,0.0309948116287456,0.0155748713742486,NaN,NaN,NaN,0.0210943230661329,0.11166646691002,0,1,1
baseline,3,1,1,1,0,1,1,0,0.0387387448038715,0.0496626646332469,0.0109239198293754,NaN,NaN,NaN,0.0200730736091532,0.108515565131875,0,1,1
baseline,3,2,0.97,1,0,1,1,0,0.016737749843759,0.0363405986886141,0.0196028488448551,NaN,NaN,NaN,0.0225436366825497,0.10695902981295,0,1,1
baseline,3,3,0.94,1,0,1,1,0,0.0118096282412965,0.0306128424624318,0.0188032142211353,NaN,NaN,NaN,0.0217259684595126,0.110524630074412,0,1,1
baseline,5,1,1,1,0,1,1,0,0.0335990421876083,0.0495775830881634,0.0159785409005551,NaN,NaN,NaN,0.0219600264954223,0.109480810064681,0,1,1
baseline,5,2,0.97,1,0,1,1,0,0.0220203149314986,0.0377986366416053,0.0157783217101067,NaN,NaN,NaN,0.0205356972254715,0.107243139118476,0,1,1
baseline,5,3,0.94,1,0,1,1,0,0.0127188426516526,0.031270414159615,0.0185515715079624,NaN,NaN,NaN,0.0223510996555703,0.11076320739915,0,1,1
baseline,7,1,1,1,0,1,1,0,0.0419050201148515,0.04978301286206,0.00787799274720846,NaN,NaN,NaN,0.0186693227591147,0.119349814008494,0,1,1
baseline,7,2,0.97,1,0,1,1,0,0.0218219335848803,0.0388845853780037,0.0170626517931235,NaN,NaN,NaN,0.0206344463173676,0.112822709068365,0,1,1
baseline,7,3,0.94,1,0,1,1,0,0.0142030983633402,0.0316087628282554,0.0174056644649151,NaN,NaN,NaN,0.0203690939555413,0.109694996294788,0,1,1
baseline,11,1,1,1,0,1,1,0,0.0354986151822426,0.048003757455995,0.0125051422737524,NaN,NaN,NaN,0.0190583628263274,0.114292020586986,0,1,1
baseline,11,2,0.97,1,0,1,1,0,0.0208008217317452,0.0372682137254813,0.0164673919937361,NaN,NaN,NaN,0.0211239192902851,0.111758714390294,0,1,1
baseline,11,3,0.94,1,0,1,1,0,0.0121222334284074,0.0310161108133485,0.0188938773849411,NaN,NaN,NaN,0.0208634926894517,0.110774956066668,0,1,1
baseline,13,1,1,1,0,1,1,0,0.0450054581293862,0.0531609789082676,0.00815552077888133,NaN,NaN,NaN,0.0193720696150411,0.118791228941642,0,1,1
baseline,13,2,0.97,1,0,1,1,0,0.0257441580292292,0.0422707779836398,0.0165266199544107,NaN,NaN,NaN,0.0204903359694919,0.107587124483425,0,1,1
baseline,13,3,0.94,1,0,1,1,0,0.0158893828888797,0.034380903806764,0.0184915209178843,NaN,NaN,NaN,0.0197730900940449,0.116081871524354,0,1,1
baseline,17,1,1,1,0,1,1,0,0.035009032162116,0.0500535336466571,0.0150445014845411,NaN,NaN,NaN,0.0213205611746432,0.109469355831221,0,1,1
baseline,17,2,0.97,1,0,1,1,0,0.0253216259130462,0.0383324401568897,0.0130108142438436,NaN,NaN,NaN,0.0215865872428682,0.111324004172838,0,1,1
baseline,17,3,0.94,1,0,1,1,0,0.00982931677945338,0.0298886870890291,0.0200593703095757,NaN,NaN,NaN,0.021351815123104,0.10910513163872,0,1,1
baseline,20,1,1,1,0,1,1,0,0.0465066124756834,0.0531094212470402,0.00660280877135674,NaN,NaN,NaN,0.0185517358018822,0.11456712176924,0,1,1
baseline,20,2,0.97,1,0,1,1,0,0.0247599283858616,0.0420047300243088,0.0172448016384472,NaN,NaN,NaN,0.0207762369525818,0.108346334030628,0,1,1
baseline,20,3,0.94,1,0,1,1,0,0.0121002218846808,0.0337630603995501,0.0216628385148693,NaN,NaN,NaN,0.0227052758097792,0.107883882423268,0,1,1
baseline,22,1,1,1,0,1,1,0,0.0495176251696485,0.0582682983004331,0.00875067313078462,NaN,NaN,NaN,0.0205208315585183,0.120484813406341,0,1,1
baseline,22,2,0.97,1,0,1,1,0,0.0380873830747968,0.0462789518624434,0.00819156878764662,NaN,NaN,NaN,0.0196334707240542,0.111653426785923,0,1,1
baseline,22,3,0.94,1,0,1,1,0,0.0286553212724512,0.0353636184112327,0.00670829713878154,NaN,NaN,NaN,0.0217263231032403,0.112207840915809,0,1,1
baseline,24,1,1,1,0,1,1,0,0.0408928153170631,0.0541672833286251,0.0132744680115621,NaN,NaN,NaN,0.0207179439188757,0.112632908464927,0,1,1
baseline,24,2,0.97,1,0,1,1,0,0.0363814606954305,0.0439578310342898,0.00757637033885934,NaN,NaN,NaN,0.0193322432311667,0.11070641531523,0,1,1
baseline,24,3,0.94,1,0,1,1,0,0.0207642344645651,0.0325275814392435,0.0117633469746784,NaN,NaN,NaN,0.0208977062926735,0.118646407602267,0,1,1
baseline,26,1,1,1,0,1,1,0,0.0488105178797628,0.0559493545095015,0.00713883662973875,NaN,NaN,NaN,0.0216893660633315,0.101647172835441,0,1,1
baseline,26,2,0.97,1,0,1,1,0,0.0281218915771514,0.0437384478462493,0.0156165562690979,NaN,NaN,NaN,0.0209485898975728,0.114421062932622,0,1,1
baseline,26,3,0.94,1,0,1,1,0,0.0107372606963213,0.0334100711722523,0.022672810475931,NaN,NaN,NaN,0.021737717819833,0.107947926114428,0,1,1
baseline,28,1,1,1,0,1,1,0,0.0564485047401224,0.0570092813184595,0.000560776578337113,NaN,NaN,NaN,0.0203620751761755,0.115068673150857,0,1,1
baseline,28,2,0.97,1,0,1,1,0,0.0333116380001855,0.0450023285208473,0.0116906905206618,NaN,NaN,NaN,0.0193453622300241,0.110813763130623,0,1,1
baseline,28,3,0.94,1,0,1,1,0,0.0211348721637927,0.0340361476554418,0.0129012754916491,NaN,NaN,NaN,0.0196202342704043,0.113393785852869,0,1,1
baseline,30,1,1,1,0,1,1,0,0.0442286103029369,0.0559584381201388,0.0117298278172019,NaN,NaN,NaN,0.0194158994862144,0.107534402469147,0,1,1
baseline,30,2,0.97,1,0,1,1,0,0.0232100565951242,0.0407995306855556,0.0175894740904314,NaN,NaN,NaN,0.022174883635075,0.112854993914908,0,1,1
baseline,30,3,0.94,1,0,1,1,0,0.0217937101354316,0.0334012596402431,0.0116075495048115,NaN,NaN,NaN,0.0197744173574569,0.10985002581844,0,1,1
baseline,32,1,1,1,0,1,1,0,0.0549308459678799,0.0583797296056362,0.00344888363775626,NaN,NaN,NaN,0.0189312389892041,0.111182729906659,0,1,1
baseline,32,2,0.97,1,0,1,1,0,0.030425624923418,0.0443416021959362,0.0139159772725182,NaN,NaN,NaN,0.0205504799493858,0.112787402805979,0,1,1
baseline,32,3,0.94,1,0,1,1,0,0.0203870146963886,0.0328294488796549,0.0124424341832663,NaN,NaN,NaN,0.0206257088703843,0.114894724335017,0,1,1
baseline,34,1,1,1,0,1,1,0,0.0437707470024934,0.0556830370778155,0.0119122900753221,NaN,NaN,NaN,0.0207112027285267,0.114376903356727,0,1,1
baseline,34,2,0.97,1,0,1,1,0,0.0415600555274176,0.0442871088870514,0.0027270533596338,NaN,NaN,NaN,0.0197473480508246,0.114121584431569,0,1,1
baseline,34,3,0.94,1,0,1,1,0,0.0157573187480572,0.0315839660480824,0.0158266473000252,NaN,NaN,NaN,0.0208578988473446,0.105514556677261,0,1,1
baseline,36,1,1,1,0,1,1,0,0.0533369117289104,0.0605864406882311,0.00724952895932068,NaN,NaN,NaN,0.0206606115574821,0.108687359960647,0,1,1
baseline,36,2,0.97,1,0,1,1,0,0.0429758990603965,0.0480154399195588,0.00503954085916229,NaN,NaN,NaN,0.0202496843185443,0.110484804615219,0,1,1
baseline,36,3,0.94,1,0,1,1,0,0.0229730280858413,0.0356123314428043,0.012639303356963,NaN,NaN,NaN,0.019422674738972,0.104796940045216,0,1,1
baseline,38,1,1,1,0,1,1,0,0.0487558435257245,0.0587190962411327,0.00996325271540822,NaN,NaN,NaN,0.0201316153515571,0.109722386087103,0,1,1
baseline,38,2,0.97,1,0,1,1,0,0.0398792098768539,0.0466522199779869,0.00677301010113296,NaN,NaN,NaN,0.020488376511506,0.105932145019472,0,1,1
baseline,38,3,0.94,1,0,1,1,0,0.0217439980665133,0.032015276159101,0.0102712780925878,NaN,NaN,NaN,0.0218378200835334,0.108535622788971,0,1,1
baseline,40,1,1,1,0,1,1,0,0.0606114771110112,0.0632531933096615,0.00264171619865033,NaN,NaN,NaN,0.0184488567013569,0.115070033428393,0,1,1
baseline,40,2,0.97,1,0,1,1,0,0.0415989125329956,0.0490645672505852,0.00746565471758961,NaN,NaN,NaN,0.0198205894057528,0.102718752224927,0,1,1
baseline,40,3,0.94,1,0,1,1,0,0.029405866277956,0.0353692482366658,0.00596338195870979,NaN,NaN,NaN,0.0209620887663107,0.106918434295909,0,1,1
baseline,43,1,1,1,0,1,1,0,0.0519375070954474,0.0568075496139465,0.00487004251849914,NaN,NaN,NaN,0.0201330997180791,0.106744515082589,0,1,1
baseline,43,2,0.97,1,0,1,1,0,0.0467018129511208,0.0454684961312232,-0.00123331681989752,NaN,NaN,NaN,0.0213785020368132,0.109770169743567,1,0,1
baseline,43,3,0.94,1,0,1,1,0,0.0190457067961489,0.0279163598852987,0.00887065308914983,NaN,NaN,NaN,0.0226752552347282,0.117354233355886,0,1,1
baseline,45,1,1,1,0,1,1,0,0.0522192688576344,0.0557881984355757,0.00356892957794132,NaN,NaN,NaN,0.0211104109619907,0.108929658159351,0,1,1
baseline,45,2,0.97,1,0,1,1,0,0.0303347431425875,0.0409182967976017,0.0105835536550141,NaN,NaN,NaN,0.02124701723191,0.102601111143405,0,1,1
baseline,45,3,0.94,1,0,1,1,0,0.0254682617593663,0.0283876514204912,0.00291938966112486,NaN,NaN,NaN,0.0213893181693835,0.105294039710115,0,1,1
baseline,47,1,1,1,0,1,1,0,0.0517195890863003,0.0562377279231557,0.0045181388368554,NaN,NaN,NaN,0.0202488506638264,0.113471933990718,0,1,1
baseline,47,2,0.97,1,0,1,1,0,0.0454719025540337,0.043631441400134,-0.00184046115389967,NaN,NaN,NaN,0.0210456807299741,0.117023633982519,1,0,1
baseline,47,3,0.94,1,0,1,1,0,0.0241735397163574,0.0273911635193883,0.00321762380303089,NaN,NaN,NaN,0.0223943171419234,0.107496418204477,0,1,1
baseline,49,1,1,1,0,1,1,0,0.0543258042158536,0.0565560391006128,0.00223023488475924,NaN,NaN,NaN,0.0203348242528556,0.109392974092848,0,1,1
baseline,49,2,0.97,1,0,1,1,0,0.0387304257494248,0.0424885855094112,0.00375815975998633,NaN,NaN,NaN,0.0210213532090834,0.109246543754144,0,1,1
baseline,49,3,0.94,1,0,1,1,0,0.0211809099259502,0.0282542028719416,0.00707329294599144,NaN,NaN,NaN,0.0202472646575152,0.114212492951456,0,1,1
baseline,51,1,1,1,0,1,1,0,0.0574692774564826,0.0584299959083195,0.000960718451836894,NaN,NaN,NaN,0.0204761090370913,0.110968339290189,0,1,1
baseline,51,2,0.97,1,0,1,1,0,0.0475376497744577,0.0451284272470308,-0.00240922252742693,NaN,NaN,NaN,0.0199712589992886,0.110862321841489,1,0,1
baseline,51,3,0.94,1,0,1,1,0,0.0192130276667594,0.0285179985712686,0.00930497090450918,NaN,NaN,NaN,0.0213915447779875,0.113327544955522,0,1,1
baseline,53,1,1,1,0,1,1,0,0.0554343797490727,0.059840587851603,0.00440620810253033,NaN,NaN,NaN,0.0198993054187055,0.109953721120864,0,1,1
baseline,53,2,0.97,1,0,1,1,0,0.0377589724571809,0.0459644348826672,0.00820546242548635,NaN,NaN,NaN,0.020538613092557,0.107123598302921,0,1,1
baseline,53,3,0.94,1,0,1,1,0,0.0279296553011085,0.0316472436646102,0.00371758836350176,NaN,NaN,NaN,0.0212373442329647,0.10832319652619,0,1,1
baseline,55,1,1,1,0,1,1,0,0.0524783639820857,0.0547755247627944,0.00229716078070871,NaN,NaN,NaN,0.0194923885776642,0.111822500640004,0,1,1
baseline,55,2,0.97,1,0,1,1,0,0.0311344140883719,0.0391975375654304,0.00806312347705851,NaN,NaN,NaN,0.0216424310138622,0.109806826469734,0,1,1
baseline,55,3,0.94,1,0,1,1,0,0.0184835114114795,0.0251829755011554,0.00669946408967593,NaN,NaN,NaN,0.020914648351457,0.106286596895335,0,1,1
baseline,57,1,1,1,0,1,1,0,0.0592833865332043,0.0623286138536251,0.00304522732042072,NaN,NaN,NaN,0.0206735714741241,0.117717389228564,0,1,1
baseline,57,2,0.97,1,0,1,1,0,0.0451526900824291,0.0482286134145914,0.00307592333216231,NaN,NaN,NaN,0.0207534943523421,0.116824776598854,0,1,1
baseline,57,3,0.94,1,0,1,1,0,0.0225683449383284,0.0310430077190623,0.00847466278073385,NaN,NaN,NaN,0.0214824820482375,0.108782399094816,0,1,1
baseline,59,1,1,1,0,1,1,0,0.0590926329524102,0.061074462445191,0.00198182949278079,NaN,NaN,NaN,0.0204477515908386,0.113182162639464,0,1,1
baseline,59,2,0.97,1,0,1,1,0,0.043747631365588,0.0465574030487184,0.00280977168313046,NaN,NaN,NaN,0.0211670341913964,0.110831171499227,0,1,1
baseline,59,3,0.94,1,0,1,1,0,0.0324584510964805,0.0320862221171926,-0.000372228979287959,NaN,NaN,NaN,0.0210152985260732,0.112163570877603,1,0,1
baseline,61,1,1,1,0,1,1,0,0.0537121992943984,0.0552729347884843,0.00156073549408582,NaN,NaN,NaN,0.0202717708540914,0.10382188994275,0,1,1
baseline,61,2,0.97,1,0,1,1,0,0.0343933941019147,0.0398510195091926,0.00545762540727782,NaN,NaN,NaN,0.0211304740058477,0.106674141187822,0,1,1
baseline,61,3,0.94,1,0,1,1,0,0.017912736746644,0.0241363803172623,0.0062236435706183,NaN,NaN,NaN,0.0223993733831163,0.113255195624521,0,1,1
baseline,63,1,1,1,0,1,1,0,0.0609918018797384,0.0596375033704043,-0.0013542985093341,NaN,NaN,NaN,0.019667994139191,0.111945495108754,1,0,1
baseline,63,2,0.97,1,0,1,1,0,0.0457496846382134,0.0456861224613332,-6.35621768802289e-05,NaN,NaN,NaN,0.0192903548958187,0.110030559832024,1,0,1
baseline,63,3,0.94,1,0,1,1,0,0.0234190338997357,0.0282688787863973,0.00484984488666161,NaN,NaN,NaN,0.0218136018918635,0.111092044716266,0,1,1
baseline,65,1,1,1,0,1,1,0,0.0540165833418878,0.0550653197922429,0.00104873645035514,NaN,NaN,NaN,0.019444521416625,0.107833194626318,0,1,1
baseline,65,2,0.97,1,0,1,1,0,0.0423784589472251,0.0413897326307569,-0.000988726316468194,NaN,NaN,NaN,0.021066123508816,0.109392594848993,1,0,1
baseline,65,3,0.94,1,0,1,1,0,0.0292049716823163,0.025721245501728,-0.00348372618058827,NaN,NaN,NaN,0.0214611922564342,0.116345838506,1,0,1
baseline,67,1,1,1,0,1,1,0,0.0591704297537092,0.0549897513669045,-0.00418067838680471,NaN,NaN,NaN,0.0214464959475973,0.111138869675764,1,0,1
baseline,67,2,0.97,1,0,1,1,0,0.0397250074040351,0.0400307734796551,0.000305766075619995,NaN,NaN,NaN,0.0194356204824843,0.109441976056965,0,1,1
baseline,67,3,0.94,1,0,1,1,0,0.0201901099994316,0.0225401357251987,0.00235002572576712,NaN,NaN,NaN,0.021918457309219,0.113118103195071,0,1,1
baseline,69,1,1,1,0,1,1,0,0.054352071512774,0.0555128532231815,0.00116078171040754,NaN,NaN,NaN,0.0208297358626137,0.121105211437464,0,1,1
baseline,69,2,0.97,1,0,1,1,0,0.0491341090899148,0.0438238111512111,-0.00531029793870377,NaN,NaN,NaN,0.0214509366838618,0.113721495064913,1,0,1
baseline,69,3,0.94,1,0,1,1,0,0.023406205160653,0.0253922890785144,0.00198608391786139,NaN,NaN,NaN,0.0215101144623474,0.110474266582173,0,1,1
baseline,71,1,1,1,0,1,1,0,0.0549595896653159,0.0534881361456703,-0.00147145351964557,NaN,NaN,NaN,0.0186378686669638,0.120073703565779,1,0,1
baseline,71,2,0.97,1,0,1,1,0,0.0320215955767046,0.0373440086041078,0.0053224130274032,NaN,NaN,NaN,0.0203057321417698,0.112661911516297,0,1,1
baseline,71,3,0.94,1,0,1,1,0,0.0209895141691319,0.021265713139283,0.000276198970151117,NaN,NaN,NaN,0.022181602454587,0.11018651994442,0,1,1
baseline,73,1,1,1,0,1,1,0,0.0443101928034464,0.0542853793253113,0.00997518652186491,NaN,NaN,NaN,0.0201262890245055,0.110356719285962,0,1,1
baseline,73,2,0.97,1,0,1,1,0,0.0393576757763755,0.0423763305654814,0.00301865478910587,NaN,NaN,NaN,0.0209154217701105,0.106940233662299,0,1,1
baseline,73,3,0.94,1,0,1,1,0,0.0239445964663976,0.0236413250566386,-0.000303271409758974,NaN,NaN,NaN,0.022215310000815,0.106171369359615,1,0,1
baseline,75,1,1,1,0,1,1,0,0.0528610246739431,0.0521711990543089,-0.000689825619634224,NaN,NaN,NaN,0.0209809979078156,0.117156901992272,1,0,1
baseline,75,2,0.97,1,0,1,1,0,0.0307886470868646,0.0345473609267389,0.00375871383987428,NaN,NaN,NaN,0.0218060542229549,0.107382324453772,0,1,1
baseline,75,3,0.94,1,0,1,1,0,0.0224974652473649,0.0207478487164865,-0.00174961653087839,NaN,NaN,NaN,0.0224076586621447,0.0951881453860907,1,0,1
baseline,77,1,1,1,0,1,1,0,0.0524025831749338,0.0535400579868952,0.00113747481196144,NaN,NaN,NaN,0.0198643660622439,0.114922081825725,0,1,1
baseline,77,2,0.97,1,0,1,1,0,0.0335602848079987,0.0369811965964208,0.0034209117884221,NaN,NaN,NaN,0.021609074696692,0.109645419536091,0,1,1
baseline,77,3,0.94,1,0,1,1,0,0.0262400208167213,0.0240557838828197,-0.00218423693390158,NaN,NaN,NaN,0.0210987813614534,0.104927562782657,1,0,1
baseline,79,1,1,1,0,1,1,0,0.0485091196231107,0.0525439217244978,0.00403480210138711,NaN,NaN,NaN,0.0211539914643487,0.113045605867141,0,1,1
baseline,79,2,0.97,1,0,1,1,0,0.0339473018734766,0.0376251539180858,0.0036778520446092,NaN,NaN,NaN,0.0215123694022915,0.113624325873788,0,1,1
baseline,79,3,0.94,1,0,1,1,0,0.0193958171286837,0.0227907741743736,0.00339495704568984,NaN,NaN,NaN,0.02057171036265,0.111119355465803,0,1,1
baseline,81,1,1,1,0,1,1,0,0.0493577825946029,0.0498062573361165,0.000448474741513605,NaN,NaN,NaN,0.0207125575624362,0.115897392206083,0,1,1
baseline,81,2,0.97,1,0,1,1,0,0.0286402922657137,0.0325202159894597,0.00387992372374599,NaN,NaN,NaN,0.0214569590026127,0.111033375723445,0,1,1
baseline,81,3,0.94,1,0,1,1,0,0.0171828636964911,0.0172376068316196,5.47431351285085e-05,NaN,NaN,NaN,0.0228528177378877,0.109358361781483,0,1,1
baseline,83,1,1,1,0,1,1,0,0.037672220740576,0.0458969005974087,0.00822467985683271,NaN,NaN,NaN,0.0214166109562063,0.108741856995446,0,1,1
baseline,83,2,0.97,1,0,1,1,0,0.027597741505045,0.0318956172466277,0.00429787574158269,NaN,NaN,NaN,0.0217764463549055,0.117344092652376,0,1,1
baseline,83,3,0.94,1,0,1,1,0,0.0173489027529832,0.019148051233236,0.00179914848025274,NaN,NaN,NaN,0.0209433883456772,0.10441177204631,0,1,1
baseline,84,1,1,1,0,1,1,0,0.0346085869072601,0.0346643200530782,5.57331458180751e-05,NaN,NaN,NaN,0.0217273141367481,0.109140115380515,0,1,1
baseline,84,2,0.97,1,0,1,1,0,0.0239585946668725,0.0217906676395517,-0.00216792702732081,NaN,NaN,NaN,0.0212423946198935,0.111636718125639,1,0,1
baseline,84,3,0.94,1,0,1,1,0,0.0207333605176427,0.0146009073319288,-0.00613245318571388,NaN,NaN,NaN,0.0230073211292011,0.11312023309423,1,0,1
current_bias,1,1,1,1,0,1,1,0.005,0.0319538252904496,0.0442300820224267,0.0122762567319771,NaN,NaN,NaN,0.0205025673920075,0.101567381209917,0,1,1
current_bias,1,2,0.97,1,0,1,1,0.005,0.0174269775526421,0.0342842635764218,0.0168572860237797,NaN,NaN,NaN,0.0219574955898682,0.114610850952837,0,1,1
current_bias,1,3,0.94,1,0,1,1,0.005,0.0199127254956289,0.0311533516109651,0.0112406261153362,NaN,NaN,NaN,0.0226059401579896,0.107945872676013,0,1,1
current_bias,3,1,1,1,0,1,1,0.005,0.0329087004356995,0.0481615461475805,0.015252845711881,NaN,NaN,NaN,0.0215444844146893,0.114881450869729,0,1,1
current_bias,3,2,0.97,1,0,1,1,0.005,0.0278683720795219,0.0398096185095666,0.0119412464300447,NaN,NaN,NaN,0.0186925687938936,0.115442794848351,0,1,1
current_bias,3,3,0.94,1,0,1,1,0.005,0.0124793122295771,0.0307168983665904,0.0182375861370133,NaN,NaN,NaN,0.0216482989824346,0.0997549194133275,0,1,1
current_bias,5,1,1,1,0,1,1,0.005,0.0285297808681026,0.0469163748659607,0.0183865939978581,NaN,NaN,NaN,0.0222699393220816,0.11496988541019,0,1,1
current_bias,5,2,0.97,1,0,1,1,0.005,0.0274511024932784,0.0395347299735018,0.0120836274802234,NaN,NaN,NaN,0.0192571107421252,0.117212120718981,0,1,1
current_bias,5,3,0.94,1,0,1,1,0.005,0.011186577158337,0.0314114157468815,0.0202248385885445,NaN,NaN,NaN,0.0211439721323546,0.112148959673594,0,1,1
current_bias,7,1,1,1,0,1,1,0.005,0.0296410809494294,0.0471417873429475,0.017500706393518,NaN,NaN,NaN,0.0213162516855753,0.116010200956003,0,1,1
current_bias,7,2,0.97,1,0,1,1,0.005,0.0150936591011037,0.035671005534669,0.0205773464335653,NaN,NaN,NaN,0.0213685074510727,0.116471334947617,0,1,1
current_bias,7,3,0.94,1,0,1,1,0.005,0.0146301688558525,0.0328017045237824,0.0181715356679298,NaN,NaN,NaN,0.0207337509338428,0.114638648306877,0,1,1
current_bias,11,1,1,1,0,1,1,0.005,0.0325280320220923,0.0480311493151421,0.0155031172930498,NaN,NaN,NaN,0.0209313235596719,0.108192252061243,0,1,1
current_bias,11,2,0.97,1,0,1,1,0.005,0.0175702945134356,0.0373820941718486,0.019811799658413,NaN,NaN,NaN,0.0209388047876602,0.111597927642729,0,1,1
current_bias,11,3,0.94,1,0,1,1,0.005,0.0126588525691705,0.0331394657418003,0.0204806131726298,NaN,NaN,NaN,0.0206281146550793,0.116587703308692,0,1,1
current_bias,13,1,1,1,0,1,1,0.005,0.0361263836264481,0.0504432457376387,0.0143168621111907,NaN,NaN,NaN,0.0221268328588636,0.108028921833775,0,1,1
current_bias,13,2,0.97,1,0,1,1,0.005,0.0251878849596707,0.0412212396810927,0.0160333547214219,NaN,NaN,NaN,0.0215500259917022,0.109285622403467,0,1,1
current_bias,13,3,0.94,1,0,1,1,0.005,0.0190158793888817,0.035740273322513,0.0167243939336313,NaN,NaN,NaN,0.020106439837628,0.114211929202541,0,1,1
current_bias,17,1,1,1,0,1,1,0.005,0.0470038559543945,0.0514387644668398,0.00443490851244528,NaN,NaN,NaN,0.0189821367480891,0.107652718783774,0,1,1
current_bias,17,2,0.97,1,0,1,1,0.005,0.0203463518200342,0.0377942517559665,0.0174478999359323,NaN,NaN,NaN,0.0225070324769088,0.114444237424458,0,1,1
current_bias,17,3,0.94,1,0,1,1,0.005,0.00942248302402398,0.030682366320686,0.021259883296662,NaN,NaN,NaN,0.0229848341472668,0.106129573084768,0,1,1
current_bias,20,1,1,1,0,1,1,0.005,0.0397921106467976,0.0531417150643477,0.0133496044175501,NaN,NaN,NaN,0.0201132073649384,0.112703287499956,0,1,1
current_bias,20,2,0.97,1,0,1,1,0.005,0.0193958032131906,0.0381621183989844,0.0187663151857938,NaN,NaN,NaN,0.0223454340142157,0.10671766770713,0,1,1
current_bias,20,3,0.94,1,0,1,1,0.005,0.0128211936105047,0.0340653560247855,0.0212441624142808,NaN,NaN,NaN,0.0209117953876316,0.109118245956095,0,1,1
current_bias,22,1,1,1,0,1,1,0.005,0.0543488103273012,0.0589136704863473,0.00456486015904615,NaN,NaN,NaN,0.0182798507334594,0.116935562559259,0,1,1
current_bias,22,2,0.97,1,0,1,1,0.005,0.0323729760700107,0.0449750193650717,0.012602043295061,NaN,NaN,NaN,0.020774660885079,0.108490524743032,0,1,1
current_bias,22,3,0.94,1,0,1,1,0.005,0.016467171951876,0.0355766812730043,0.0191095093211283,NaN,NaN,NaN,0.0214702781289077,0.106483841098398,0,1,1
current_bias,24,1,1,1,0,1,1,0.005,0.0465643324012607,0.0546245998371201,0.00806026743585934,NaN,NaN,NaN,0.0203096398064623,0.102186965695613,0,1,1
current_bias,24,2,0.97,1,0,1,1,0.005,0.0316109877867849,0.0435177076446352,0.0119067198578504,NaN,NaN,NaN,0.0194687773879746,0.101949975349557,0,1,1
current_bias,24,3,0.94,1,0,1,1,0.005,0.0182084774646967,0.03279049088444,0.0145820134197433,NaN,NaN,NaN,0.0203920330828516,0.113156954734737,0,1,1
current_bias,26,1,1,1,0,1,1,0.005,0.0448069961541612,0.0565742057719573,0.011767209617796,NaN,NaN,NaN,0.019699680088219,0.11471928829118,0,1,1
current_bias,26,2,0.97,1,0,1,1,0.005,0.0246079218368228,0.0415625038375006,0.0169545820006778,NaN,NaN,NaN,0.0222470521544459,0.109023302134368,0,1,1
current_bias,26,3,0.94,1,0,1,1,0.005,0.0153152492933751,0.0352264446983042,0.0199111954049291,NaN,NaN,NaN,0.0202974824664108,0.108730763734874,0,1,1
current_bias,28,1,1,1,0,1,1,0.005,0.0421146594163311,0.052983955469441,0.0108692960531099,NaN,NaN,NaN,0.0220959717351431,0.0990393351459547,0,1,1
current_bias,28,2,0.97,1,0,1,1,0.005,0.0164135790818449,0.0385675359181079,0.022153956836263,NaN,NaN,NaN,0.0230976683048771,0.111678746625181,0,1,1
current_bias,28,3,0.94,1,0,1,1,0.005,0.0210750064633147,0.0332681661732118,0.0121931597098971,NaN,NaN,NaN,0.0207158015306889,0.116890571470781,0,1,1
current_bias,30,1,1,1,0,1,1,0.005,0.0496388480685641,0.0568466755449191,0.00720782747635501,NaN,NaN,NaN,0.0201912785184308,0.111905189869828,0,1,1
current_bias,30,2,0.97,1,0,1,1,0.005,0.0388125865491706,0.0452514628551162,0.0064388763059456,NaN,NaN,NaN,0.0205124796379563,0.105368379175771,0,1,1
current_bias,30,3,0.94,1,0,1,1,0.005,0.00934264095699919,0.0310655860013453,0.0217229450443461,NaN,NaN,NaN,0.021969034751416,0.10993402025696,0,1,1
current_bias,32,1,1,1,0,1,1,0.005,0.0578577186648754,0.0581640248131179,0.000306306148242549,NaN,NaN,NaN,0.0203629103689299,0.117877383571344,0,1,1
current_bias,32,2,0.97,1,0,1,1,0.005,0.0423591954815775,0.0460238834610381,0.0036646879794606,NaN,NaN,NaN,0.0201122626300835,0.112384144125063,0,1,1
current_bias,32,3,0.94,1,0,1,1,0.005,0.0117861978546841,0.0318121393594582,0.0200259415047741,NaN,NaN,NaN,0.0221316742999035,0.114203269623839,0,1,1
current_bias,34,1,1,1,0,1,1,0.005,0.042621109539637,0.0555235068818195,0.0129023973421825,NaN,NaN,NaN,0.0203176050852249,0.110143235476584,0,1,1
current_bias,34,2,0.97,1,0,1,1,0.005,0.0385745072505436,0.0438557397938771,0.00528123254333352,NaN,NaN,NaN,0.0203965255236982,0.102799347407217,0,1,1
current_bias,34,3,0.94,1,0,1,1,0.005,0.0222052341487609,0.0309724325682641,0.00876719841950321,NaN,NaN,NaN,0.0202181693065221,0.111071188222972,0,1,1
current_bias,36,1,1,1,0,1,1,0.005,0.0495960506986058,0.0595272540616222,0.00993120336301646,NaN,NaN,NaN,0.0195895862832238,0.106823030862596,0,1,1
current_bias,36,2,0.97,1,0,1,1,0.005,0.0288836875143259,0.0463338050812445,0.0174501175669186,NaN,NaN,NaN,0.0210855569451746,0.108011428753725,0,1,1
current_bias,36,3,0.94,1,0,1,1,0.005,0.017332844032601,0.0321127907102321,0.0147799466776312,NaN,NaN,NaN,0.0225237045264005,0.112472921065032,0,1,1
current_bias,38,1,1,1,0,1,1,0.005,0.0603954316097679,0.0608441892581926,0.000448757648424634,NaN,NaN,NaN,0.0198621280626906,0.118271442739457,0,1,1
current_bias,38,2,0.97,1,0,1,1,0.005,0.0379619273312701,0.047071564798254,0.00910963746698392,NaN,NaN,NaN,0.0203793631461714,0.109530176853131,0,1,1
current_bias,38,3,0.94,1,0,1,1,0.005,0.0227039794903645,0.0320191124595455,0.00931513296918103,NaN,NaN,NaN,0.0219883652867434,0.10826645744202,0,1,1
current_bias,40,1,1,1,0,1,1,0.005,0.064881673471667,0.0630227536882618,-0.00185891978340522,NaN,NaN,NaN,0.0194678569340377,0.111624571968113,1,0,1
current_bias,40,2,0.97,1,0,1,1,0.005,0.0456278204895578,0.0491570650982659,0.00352924460870807,NaN,NaN,NaN,0.0203128421363905,0.112897116306894,0,1,1
current_bias,40,3,0.94,1,0,1,1,0.005,0.0295697026050021,0.0357955328521041,0.00622583024710201,NaN,NaN,NaN,0.0210257908267443,0.110404481830902,0,1,1
current_bias,43,1,1,1,0,1,1,0.005,0.0453581208956458,0.0559595279138591,0.0106014070182134,NaN,NaN,NaN,0.0215907370973163,0.108103320848796,0,1,1
current_bias,43,2,0.97,1,0,1,1,0.005,0.0360521227227379,0.0431718090493903,0.0071196863266524,NaN,NaN,NaN,0.0211576599777319,0.109933928392875,0,1,1
current_bias,43,3,0.94,1,0,1,1,0.005,0.0116373344953801,0.0297577078164892,0.0181203733211091,NaN,NaN,NaN,0.0211415411333037,0.11347190828775,0,1,1
current_bias,45,1,1,1,0,1,1,0.005,0.060133067983757,0.0567495326067162,-0.00338353537704079,NaN,NaN,NaN,0.0206637463071375,0.103297875226834,1,0,1
current_bias,45,2,0.97,1,0,1,1,0.005,0.0291782071523437,0.0389862600639795,0.00980805291163579,NaN,NaN,NaN,0.0225310556735851,0.113354153963085,0,1,1
current_bias,45,3,0.94,1,0,1,1,0.005,0.0188383289795737,0.0290860410346107,0.010247712055037,NaN,NaN,NaN,0.0204389218926617,0.104056729253656,0,1,1
current_bias,47,1,1,1,0,1,1,0.005,0.0507409979752488,0.0549704127196265,0.0042294147443777,NaN,NaN,NaN,0.02166050805327,0.109522448021761,0,1,1
current_bias,47,2,0.97,1,0,1,1,0.005,0.0306647100336876,0.0408894111316501,0.0102247010979625,NaN,NaN,NaN,0.0211301203496273,0.113290045734727,0,1,1
current_bias,47,3,0.94,1,0,1,1,0.005,0.011868184845968,0.0267581667662103,0.0148899819202422,NaN,NaN,NaN,0.0220932015309784,0.107490531961172,0,1,1
current_bias,49,1,1,1,0,1,1,0.005,0.0497957228311502,0.0558988367210028,0.00610311388985266,NaN,NaN,NaN,0.0198863735078139,0.108050271102983,0,1,1
current_bias,49,2,0.97,1,0,1,1,0.005,0.03967969181151,0.0422674501422859,0.0025877583307759,NaN,NaN,NaN,0.0207236153089554,0.108422080126482,0,1,1
current_bias,49,3,0.94,1,0,1,1,0.005,0.0161569286250776,0.0263961441036158,0.0102392154785382,NaN,NaN,NaN,0.0224188679022499,0.109453637823515,0,1,1
current_bias,51,1,1,1,0,1,1,0.005,0.0481284936461925,0.0564332991540668,0.00830480550787431,NaN,NaN,NaN,0.0209471427064403,0.106668767119871,0,1,1
current_bias,51,2,0.97,1,0,1,1,0.005,0.0362699429339861,0.0428234121792171,0.00655346924523106,NaN,NaN,NaN,0.0211228658302116,0.11598651212946,0,1,1
current_bias,51,3,0.94,1,0,1,1,0.005,0.0165481506859227,0.0263575625711549,0.0098094118852322,NaN,NaN,NaN,0.0222452276629904,0.115835933947096,0,1,1
current_bias,53,1,1,1,0,1,1,0.005,0.0542588895220996,0.0602223979034852,0.00596350838138559,NaN,NaN,NaN,0.019996721042025,0.111383917873218,0,1,1
current_bias,53,2,0.97,1,0,1,1,0.005,0.0403556336693181,0.0447649625802158,0.00440932891089763,NaN,NaN,NaN,0.021588359734027,0.108324955766991,0,1,1
current_bias,53,3,0.94,1,0,1,1,0.005,0.0316046673792663,0.0311639517909293,-0.000440715588336974,NaN,NaN,NaN,0.0212777315259667,0.111891991445804,1,0,1
current_bias,55,1,1,1,0,1,1,0.005,0.0493403194383073,0.0540406383142675,0.00470031887596017,NaN,NaN,NaN,0.0207556412648163,0.0996262500864795,0,1,1
current_bias,55,2,0.97,1,0,1,1,0.005,0.0272465699759425,0.0387983766524105,0.0115518066764681,NaN,NaN,NaN,0.0210892507422153,0.107921094215436,0,1,1
current_bias,55,3,0.94,1,0,1,1,0.005,0.0189177577155389,0.0254462820365785,0.00652852432103961,NaN,NaN,NaN,0.0212951023341734,0.106326709089251,0,1,1
current_bias,57,1,1,1,0,1,1,0.005,0.0619922101272559,0.0626774135738607,0.000685203446604755,NaN,NaN,NaN,0.0197046577522438,0.110140608611233,0,1,1
current_bias,57,2,0.97,1,0,1,1,0.005,0.0399327305058688,0.046505031748435,0.00657230124256621,NaN,NaN,NaN,0.0216734245494308,0.107598581227075,0,1,1
current_bias,57,3,0.94,1,0,1,1,0.005,0.0236154405973068,0.0299005954217525,0.00628515482444568,NaN,NaN,NaN,0.0222987164825574,0.117750618615261,0,1,1
current_bias,59,1,1,1,0,1,1,0.005,0.0555739842141974,0.0592785281103847,0.0037045438961873,NaN,NaN,NaN,0.020517685744455,0.111861050797617,0,1,1
current_bias,59,2,0.97,1,0,1,1,0.005,0.0412557073687898,0.0451482987982622,0.00389259142947239,NaN,NaN,NaN,0.0209154099740166,0.111624018035489,0,1,1
current_bias,59,3,0.94,1,0,1,1,0.005,0.0153609552768504,0.0264706441806452,0.0111096889037948,NaN,NaN,NaN,0.0230715019007209,0.118461837455278,0,1,1
current_bias,61,1,1,1,0,1,1,0.005,0.054580342267337,0.0559398922659767,0.00135954999863971,NaN,NaN,NaN,0.0200626222611253,0.103002871463888,0,1,1
current_bias,61,2,0.97,1,0,1,1,0.005,0.0339910483412725,0.0379766947967489,0.00398564645547644,NaN,NaN,NaN,0.0211318189306975,0.106383024801155,0,1,1
current_bias,61,3,0.94,1,0,1,1,0.005,0.0247654208074697,0.0250587907237792,0.000293369916309506,NaN,NaN,NaN,0.0231409432982678,0.109082073344541,0,1,1
current_bias,63,1,1,1,0,1,1,0.005,0.0587531593730371,0.0590029820124788,0.000249822639441739,NaN,NaN,NaN,0.0204807071300478,0.10641990952542,0,1,1
current_bias,63,2,0.97,1,0,1,1,0.005,0.0343761721540235,0.0427065921037022,0.00833041994967872,NaN,NaN,NaN,0.0216737552978355,0.113404370772791,0,1,1
current_bias,63,3,0.94,1,0,1,1,0.005,0.0164424169666557,0.0234925726010355,0.00705015563437976,NaN,NaN,NaN,0.0227045473678903,0.104914925599626,0,1,1
current_bias,65,1,1,1,0,1,1,0.005,0.0522224570826594,0.0548992438943857,0.00267678681172624,NaN,NaN,NaN,0.0205615269245961,0.112041474284424,0,1,1
current_bias,65,2,0.97,1,0,1,1,0.005,0.0356380303229235,0.0399008229184489,0.00426279259552541,NaN,NaN,NaN,0.0210105884761352,0.115670898167567,0,1,1
current_bias,65,3,0.94,1,0,1,1,0.005,0.0123581289733996,0.0214900826057945,0.00913195363239492,NaN,NaN,NaN,0.0218119177421987,0.116729655299326,0,1,1
current_bias,67,1,1,1,0,1,1,0.005,0.0571800648643629,0.0544582931397698,-0.00272177172459314,NaN,NaN,NaN,0.020481002567438,0.114803396720444,1,0,1
current_bias,67,2,0.97,1,0,1,1,0.005,0.0341600909501781,0.0384546951487272,0.00429460419854905,NaN,NaN,NaN,0.0208938912622474,0.112681170970943,0,1,1
current_bias,67,3,0.94,1,0,1,1,0.005,0.0162391435475838,0.0215765329688283,0.00533738942124456,NaN,NaN,NaN,0.0213214255202889,0.110931596403754,0,1,1
current_bias,69,1,1,1,0,1,1,0.005,0.0505423647462391,0.0547056933141999,0.00416332856796081,NaN,NaN,NaN,0.0204661611129523,0.104531189653693,0,1,1
current_bias,69,2,0.97,1,0,1,1,0.005,0.0380757116128164,0.0406841310863595,0.00260841947354308,NaN,NaN,NaN,0.0216217745962616,0.111313294812648,0,1,1
current_bias,69,3,0.94,1,0,1,1,0.005,0.0235161704956915,0.0252611514750911,0.00174498097939961,NaN,NaN,NaN,0.0211588308675659,0.111139827570197,0,1,1
current_bias,71,1,1,1,0,1,1,0.005,0.0431290103274695,0.0503818173979946,0.00725280707052517,NaN,NaN,NaN,0.0219962715013814,0.109762415436019,0,1,1
current_bias,71,2,0.97,1,0,1,1,0.005,0.0381563077400849,0.0381653550437329,9.04730364791745e-06,NaN,NaN,NaN,0.0211939333017764,0.112054293448372,0,1,1
current_bias,71,3,0.94,1,0,1,1,0.005,0.0177868071654634,0.0203244135067128,0.00253760634124942,NaN,NaN,NaN,0.0225651363417962,0.10855716125451,0,1,1
current_bias,73,1,1,1,0,1,1,0.005,0.0524389939434854,0.0552390238492141,0.00280002990572868,NaN,NaN,NaN,0.0213534201474342,0.114165931517195,0,1,1
current_bias,73,2,0.97,1,0,1,1,0.005,0.0414203412346719,0.0415777084644462,0.000157367229774254,NaN,NaN,NaN,0.0217902826162139,0.120252548663831,0,1,1
current_bias,73,3,0.94,1,0,1,1,0.005,0.0193242081901112,0.023215732811546,0.00389152462143471,NaN,NaN,NaN,0.0217787914699864,0.105017855599991,0,1,1
current_bias,75,1,1,1,0,1,1,0.005,0.0497190470743863,0.0507326165356058,0.00101356946121951,NaN,NaN,NaN,0.0218841035420887,0.107998403586105,0,1,1
current_bias,75,2,0.97,1,0,1,1,0.005,0.0177083280002662,0.0300580082982192,0.0123496802979531,NaN,NaN,NaN,0.0219819775897412,0.11101511160721,0,1,1
current_bias,75,3,0.94,1,0,1,1,0.005,0.0233943679811979,0.0225299789817976,-0.00086438899940024,NaN,NaN,NaN,0.0195490620654921,0.118243420310795,1,0,1
current_bias,77,1,1,1,0,1,1,0.005,0.0515048210122066,0.0521174255364913,0.000612604524284723,NaN,NaN,NaN,0.0218419964170165,0.109501852034266,0,1,1
current_bias,77,2,0.97,1,0,1,1,0.005,0.0381407290286059,0.03913216467824,0.000991435649634144,NaN,NaN,NaN,0.0203775974607326,0.11423704058814,0,1,1
current_bias,77,3,0.94,1,0,1,1,0.005,0.0156562961144288,0.0202194011068183,0.00456310499238943,NaN,NaN,NaN,0.022096095078242,0.111181530554838,0,1,1
current_bias,79,1,1,1,0,1,1,0.005,0.0559336275374133,0.0544222864846347,-0.00151134105277863,NaN,NaN,NaN,0.0191533415555765,0.107528799203581,1,0,1
current_bias,79,2,0.97,1,0,1,1,0.005,0.0372416732900598,0.0376114695362552,0.000369796246195313,NaN,NaN,NaN,0.0217421935607836,0.114025524708101,0,1,1
current_bias,79,3,0.94,1,0,1,1,0.005,0.0203739235020413,0.0220684727624075,0.00169454926036613,NaN,NaN,NaN,0.0218658029427396,0.107270259402775,0,1,1
current_bias,81,1,1,1,0,1,1,0.005,0.0458752341434637,0.0490639555786162,0.00318872143515248,NaN,NaN,NaN,0.0217881208034978,0.104957202855252,0,1,1
current_bias,81,2,0.97,1,0,1,1,0.005,0.0267596382029613,0.0302532672115414,0.00349362900858018,NaN,NaN,NaN,0.0225295909841539,0.112218197335175,0,1,1
current_bias,81,3,0.94,1,0,1,1,0.005,0.0153148590532711,0.0179176715879765,0.00260281253470537,NaN,NaN,NaN,0.0220279451767291,0.106875929595878,0,1,1
current_bias,83,1,1,1,0,1,1,0.005,0.0535088810074489,0.0506250026465897,-0.0028838783608592,NaN,NaN,NaN,0.0197500538511568,0.110191562430089,1,0,1
current_bias,83,2,0.97,1,0,1,1,0.005,0.0283487593105992,0.0324188060797811,0.0040700467691819,NaN,NaN,NaN,0.0218033398022519,0.105763683246583,0,1,1
current_bias,83,3,0.94,1,0,1,1,0.005,0.0178059373804527,0.0192235967210612,0.00141765934060849,NaN,NaN,NaN,0.0213139710088068,0.109086826035797,0,1,1
current_bias,84,1,1,1,0,1,1,0.005,0.0350663032769635,0.0357004740832244,0.000634170806260943,NaN,NaN,NaN,0.0215082596640763,0.10975008295678,0,1,1
current_bias,84,2,0.97,1,0,1,1,0.005,0.0123193109530202,0.0176930327397174,0.00537372178669721,NaN,NaN,NaN,0.021684105293626,0.112285605417534,0,1,1
current_bias,84,3,0.94,1,0,1,1,0.005,0.0211103795158919,0.011902199366555,-0.00920818014933692,NaN,NaN,NaN,0.0236208901467772,0.111212738497784,1,0,1
high_noise,1,1,1,1,0,1.5,1.5,0,0.0257910250122585,0.0426903270325187,0.0168993020202602,NaN,NaN,NaN,0.0242402646472418,0.123657656179291,0,1,1
high_noise,1,2,0.97,1,0,1.5,1.5,0,0.0211678797525778,0.0355974297632965,0.0144295500107187,NaN,NaN,NaN,0.0221400409828541,0.111073391989238,0,1,1
high_noise,1,3,0.94,1,0,1.5,1.5,0,0.0249171449164386,0.0308811670022608,0.00596402208582217,NaN,NaN,NaN,0.0228969052587991,0.103224701882356,0,1,1
high_noise,3,1,1,1,0,1.5,1.5,0,0.044085581773137,0.0509628537328199,0.00687727195968292,NaN,NaN,NaN,0.0175931418338586,0.1252189736396,0,1,1
high_noise,3,2,0.97,1,0,1.5,1.5,0,0.0096053556730604,0.0296712829014363,0.0200659272283759,NaN,NaN,NaN,0.0229256276767738,0.120462412731438,0,1,1
high_noise,3,3,0.94,1,0,1.5,1.5,0,0.0132416230946864,0.0314704653105594,0.018228842215873,NaN,NaN,NaN,0.0209987615841755,0.10504169171892,0,1,1
high_noise,5,1,1,1,0,1.5,1.5,0,0.0413352234226735,0.0488583926647691,0.0075231692420956,NaN,NaN,NaN,0.0210839440317558,0.10192022776625,0,1,1
high_noise,5,2,0.97,1,0,1.5,1.5,0,0.0145945096178084,0.0327510760793021,0.0181565664614937,NaN,NaN,NaN,0.0244416007746363,0.113805541788276,0,1,1
high_noise,5,3,0.94,1,0,1.5,1.5,0,0.0131943089165301,0.0319432913716013,0.0187489824550712,NaN,NaN,NaN,0.0216525655827274,0.102152873534054,0,1,1
high_noise,7,1,1,1,0,1.5,1.5,0,0.0400443822093117,0.0501274287890083,0.0100830465796966,NaN,NaN,NaN,0.0186132151720969,0.113457771391738,0,1,1
high_noise,7,2,0.97,1,0,1.5,1.5,0,0.0288191630957159,0.0390709315959857,0.0102517685002697,NaN,NaN,NaN,0.0204001015561618,0.113791492994821,0,1,1
high_noise,7,3,0.94,1,0,1.5,1.5,0,0.0170473205828573,0.0333040956401596,0.0162567750573023,NaN,NaN,NaN,0.0211938361000336,0.115197209701285,0,1,1
high_noise,11,1,1,1,0,1.5,1.5,0,0.0465771435692706,0.0497654745000152,0.00318833093074464,NaN,NaN,NaN,0.0178162530327228,0.10529122334715,0,1,1
high_noise,11,2,0.97,1,0,1.5,1.5,0,0.0189037014518118,0.0394581939009193,0.0205544924491076,NaN,NaN,NaN,0.0210310557201252,0.10523010077358,0,1,1
high_noise,11,3,0.94,1,0,1.5,1.5,0,0.010876979090097,0.0307212372014453,0.0198442581113483,NaN,NaN,NaN,0.0213875281816086,0.110294021793649,0,1,1
high_noise,13,1,1,1,0,1.5,1.5,0,0.0334189400990141,0.04816287004305,0.014743929944036,NaN,NaN,NaN,0.0225472945502527,0.113000550697785,0,1,1
high_noise,13,2,0.97,1,0,1.5,1.5,0,0.0202537288112832,0.0394401826643365,0.0191864538530533,NaN,NaN,NaN,0.0223154717278137,0.112748546333019,0,1,1
high_noise,13,3,0.94,1,0,1.5,1.5,0,0.0103423692564493,0.0314758296086277,0.0211334603521784,NaN,NaN,NaN,0.0222505127994221,0.108409346332795,0,1,1
high_noise,17,1,1,1,0,1.5,1.5,0,0.0459659478243557,0.0519787269560552,0.0060127791316995,NaN,NaN,NaN,0.0193389240695604,0.121717898034087,0,1,1
high_noise,17,2,0.97,1,0,1.5,1.5,0,0.0265277962785255,0.0400138752450755,0.01348607896655,NaN,NaN,NaN,0.0209266425815436,0.109652173936528,0,1,1
high_noise,17,3,0.94,1,0,1.5,1.5,0,0.0197230567719008,0.0310118946361788,0.011288837864278,NaN,NaN,NaN,0.0225750432720664,0.118574864412195,0,1,1
high_noise,20,1,1,1,0,1.5,1.5,0,0.0534037916856374,0.0541553385477413,0.000751546862103901,NaN,NaN,NaN,0.0192472905054729,0.115567818364686,0,1,1
high_noise,20,2,0.97,1,0,1.5,1.5,0,0.0248774109126286,0.0412000952814455,0.0163226843688169,NaN,NaN,NaN,0.0218462452414561,0.103255351959026,0,1,1
high_noise,20,3,0.94,1,0,1.5,1.5,0,0.0111832632331991,0.0327284643262493,0.0215452010930502,NaN,NaN,NaN,0.0225018576020926,0.100743490553286,0,1,1
high_noise,22,1,1,1,0,1.5,1.5,0,0.0537194106760545,0.0595993873111783,0.00587997663512371,NaN,NaN,NaN,0.0172830633400953,0.115344108548814,0,1,1
high_noise,22,2,0.97,1,0,1.5,1.5,0,0.0270700503172559,0.0439841718334018,0.0169141215161459,NaN,NaN,NaN,0.0214745895879776,0.115075135464349,0,1,1
high_noise,22,3,0.94,1,0,1.5,1.5,0,0.0132351964300462,0.0344411581883999,0.0212059617583537,NaN,NaN,NaN,0.0227382690055961,0.113451851283457,0,1,1
high_noise,24,1,1,1,0,1.5,1.5,0,0.0486245633606719,0.0555631798403891,0.0069386164797172,NaN,NaN,NaN,0.0207446803930401,0.115463631983405,0,1,1
high_noise,24,2,0.97,1,0,1.5,1.5,0,0.0304096239134252,0.0433472319850022,0.012937608071577,NaN,NaN,NaN,0.0205493345220585,0.114513196865424,0,1,1
high_noise,24,3,0.94,1,0,1.5,1.5,0,0.0215467260311961,0.0325053758867001,0.010958649855504,NaN,NaN,NaN,0.0209871653132614,0.113564607642019,0,1,1
high_noise,26,1,1,1,0,1.5,1.5,0,0.0559149349765727,0.0573757863507288,0.0014608513741561,NaN,NaN,NaN,0.0205311504505738,0.10389025325705,0,1,1
high_noise,26,2,0.97,1,0,1.5,1.5,0,0.0390621281722685,0.0454676516012226,0.00640552342895412,NaN,NaN,NaN,0.0207650136693591,0.106765663857537,0,1,1
high_noise,26,3,0.94,1,0,1.5,1.5,0,0.015817214358325,0.0339475775167102,0.0181303631583852,NaN,NaN,NaN,0.0201022102426335,0.118143079722174,0,1,1
high_noise,28,1,1,1,0,1.5,1.5,0,0.0491301174387492,0.056939266812678,0.00780914937392883,NaN,NaN,NaN,0.0179485132011073,0.109721615201346,0,1,1
high_noise,28,2,0.97,1,0,1.5,1.5,0,0.0305419865146657,0.0427978893292122,0.0122559028145465,NaN,NaN,NaN,0.0217321165095733,0.108524753382308,0,1,1
high_noise,28,3,0.94,1,0,1.5,1.5,0,0.0213422642044274,0.0338194536054395,0.0124771894010122,NaN,NaN,NaN,0.0188348693125023,0.116711269651725,0,1,1
high_noise,30,1,1,1,0,1.5,1.5,0,0.0405298442448687,0.0532302670870182,0.0127004228421495,NaN,NaN,NaN,0.0211412521698631,0.116238232397436,0,1,1
high_noise,30,2,0.97,1,0,1.5,1.5,0,0.0404533710415903,0.0447047730998381,0.00425140205824788,NaN,NaN,NaN,0.0196343099517774,0.10894934747327,0,1,1
high_noise,30,3,0.94,1,0,1.5,1.5,0,0.0222673846871532,0.0309571972038602,0.00868981251670698,NaN,NaN,NaN,0.0220363326987861,0.0910741809976692,0,1,1
high_noise,32,1,1,1,0,1.5,1.5,0,0.0445555920405315,0.0564682532821867,0.0119126612416552,NaN,NaN,NaN,0.020355388925732,0.115377595211225,0,1,1
high_noise,32,2,0.97,1,0,1.5,1.5,0,0.0327724758291587,0.0448314839485746,0.0120590081194158,NaN,NaN,NaN,0.0207840248965669,0.117020140447302,0,1,1
high_noise,32,3,0.94,1,0,1.5,1.5,0,0.0102728479341075,0.0296654002533892,0.0193925523192817,NaN,NaN,NaN,0.023906840322169,0.115853275623922,0,1,1
high_noise,34,1,1,1,0,1.5,1.5,0,0.0462817282752378,0.0543421800222219,0.00806045174698413,NaN,NaN,NaN,0.0217251175105421,0.122771157122919,0,1,1
high_noise,34,2,0.97,1,0,1.5,1.5,0,0.0506602954918624,0.04512086657749,-0.0055394289143724,NaN,NaN,NaN,0.0229899822790735,0.109516567297461,1,0,1
high_noise,34,3,0.94,1,0,1.5,1.5,0,0.0271146201042695,0.032114411786353,0.00499979168208353,NaN,NaN,NaN,0.0208651417837497,0.0962850301054872,0,1,1
high_noise,36,1,1,1,0,1.5,1.5,0,0.0490393472481293,0.0601176964701375,0.0110783492220083,NaN,NaN,NaN,0.0197260459454992,0.115236851861046,0,1,1
high_noise,36,2,0.97,1,0,1.5,1.5,0,0.041957661615068,0.0484016638832579,0.00644400226818988,NaN,NaN,NaN,0.0212788925706475,0.100690412194189,0,1,1
high_noise,36,3,0.94,1,0,1.5,1.5,0,0.0232482819001862,0.0355362505502433,0.012287968650057,NaN,NaN,NaN,0.01989470522211,0.120460236563347,0,1,1
high_noise,38,1,1,1,0,1.5,1.5,0,0.0529002496045967,0.0607130344566154,0.00781278485201871,NaN,NaN,NaN,0.020495066265071,0.118950151933308,0,1,1
high_noise,38,2,0.97,1,0,1.5,1.5,0,0.0318919652158748,0.0457205909800095,0.0138286257641347,NaN,NaN,NaN,0.0206587355145191,0.108168976487372,0,1,1
high_noise,38,3,0.94,1,0,1.5,1.5,0,0.0329525398992782,0.0361646469917344,0.0032121070924562,NaN,NaN,NaN,0.0213403348273755,0.110414310213217,0,1,1
high_noise,40,1,1,1,0,1.5,1.5,0,0.0617348239875945,0.0634864015553496,0.00175157756775508,NaN,NaN,NaN,0.0213988210611093,0.106754552307957,0,1,1
high_noise,40,2,0.97,1,0,1.5,1.5,0,0.0504346729212239,0.0515042096958872,0.00106953677466326,NaN,NaN,NaN,0.0180033928306466,0.117908316075577,0,1,1
high_noise,40,3,0.94,1,0,1.5,1.5,0,0.0190279403715186,0.034512748717646,0.0154848083461275,NaN,NaN,NaN,0.0208933166601432,0.0983520886139075,0,1,1
high_noise,43,1,1,1,0,1.5,1.5,0,0.0685759972847926,0.0600782440778457,-0.0084977532069469,NaN,NaN,NaN,0.0207631945073303,0.112838756930335,1,0,1
high_noise,43,2,0.97,1,0,1.5,1.5,0,0.0263157987722085,0.0407946346070708,0.0144788358348623,NaN,NaN,NaN,0.0224733463099613,0.110792757873116,0,1,1
high_noise,43,3,0.94,1,0,1.5,1.5,0,0.0274955415946549,0.0325020786488887,0.00500653705423377,NaN,NaN,NaN,0.020271080356155,0.121804413339896,0,1,1
high_noise,45,1,1,1,0,1.5,1.5,0,0.0485190064482443,0.0554989840270327,0.00697997757878835,NaN,NaN,NaN,0.0196377796985919,0.103757941919519,0,1,1
high_noise,45,2,0.97,1,0,1.5,1.5,0,0.0304121728489122,0.0415702608686181,0.011158088019706,NaN,NaN,NaN,0.0225986333545833,0.117709439293954,0,1,1
high_noise,45,3,0.94,1,0,1.5,1.5,0,0.0183368531883541,0.0278772501956018,0.00954039700724765,NaN,NaN,NaN,0.0212101685306191,0.103469021809221,0,1,1
high_noise,47,1,1,1,0,1.5,1.5,0,0.0594610015665699,0.057698611268298,-0.00176239029827193,NaN,NaN,NaN,0.0197335619528678,0.111154743552393,1,0,1
high_noise,47,2,0.97,1,0,1.5,1.5,0,0.0526471301065855,0.0462061255352776,-0.00644100457130793,NaN,NaN,NaN,0.0206430679356161,0.11227419050211,1,0,1
high_noise,47,3,0.94,1,0,1.5,1.5,0,0.0218546921905889,0.0272059715901783,0.00535127939958938,NaN,NaN,NaN,0.0210284084167683,0.100812537754346,0,1,1
high_noise,49,1,1,1,0,1.5,1.5,0,0.0514697616549358,0.0561349198003156,0.00466515814537986,NaN,NaN,NaN,0.0213787394684136,0.11145747984269,0,1,1
high_noise,49,2,0.97,1,0,1.5,1.5,0,0.0290851277085832,0.041016602571081,0.0119314748624978,NaN,NaN,NaN,0.0209523559619697,0.11997307304989,0,1,1
high_noise,49,3,0.94,1,0,1.5,1.5,0,0.0248604132974503,0.0295634507307184,0.0047030374332681,NaN,NaN,NaN,0.0207892719390484,0.109938018691309,0,1,1
high_noise,51,1,1,1,0,1.5,1.5,0,0.0539277692581249,0.0577961777189096,0.00386840846078467,NaN,NaN,NaN,0.0212900186497238,0.114656443114411,0,1,1
high_noise,51,2,0.97,1,0,1.5,1.5,0,0.0522476332217704,0.0470998563029063,-0.00514777691886418,NaN,NaN,NaN,0.0206306680628063,0.115036233824617,1,0,1
high_noise,51,3,0.94,1,0,1.5,1.5,0,0.0249706304740728,0.0306897720345646,0.00571914156049179,NaN,NaN,NaN,0.0210018249339128,0.125438585119758,0,1,1
high_noise,53,1,1,1,0,1.5,1.5,0,0.0489089200592808,0.0598417165923012,0.0109327965330204,NaN,NaN,NaN,0.0224860515195109,0.118558184318964,0,1,1
high_noise,53,2,0.97,1,0,1.5,1.5,0,0.0491386443708016,0.0478720791819264,-0.00126656518887513,NaN,NaN,NaN,0.021248704979041,0.110367628882716,1,0,1
high_noise,53,3,0.94,1,0,1.5,1.5,0,0.0175152866415399,0.0300170113924805,0.0125017247509405,NaN,NaN,NaN,0.0225357176638247,0.11105224493148,0,1,1
high_noise,55,1,1,1,0,1.5,1.5,0,0.0533581909008123,0.055710531997588,0.00235234109677564,NaN,NaN,NaN,0.019233997096298,0.120150085074067,0,1,1
high_noise,55,2,0.97,1,0,1.5,1.5,0,0.0284247582145922,0.0380361797484612,0.009611421533869,NaN,NaN,NaN,0.0222771418453589,0.107805996897369,0,1,1
high_noise,55,3,0.94,1,0,1.5,1.5,0,0.0173155002183976,0.0268972915214121,0.00958179130301447,NaN,NaN,NaN,0.0203906954400733,0.113717947877428,0,1,1
high_noise,57,1,1,1,0,1.5,1.5,0,0.0651948573700644,0.063726316573383,-0.00146854079668141,NaN,NaN,NaN,0.0175818505060723,0.0995178116009569,1,0,1
high_noise,57,2,0.97,1,0,1.5,1.5,0,0.0411841118901509,0.0471777793437708,0.00599366745361984,NaN,NaN,NaN,0.0202210549277776,0.113928697579172,0,1,1
high_noise,57,3,0.94,1,0,1.5,1.5,0,0.0353598127626427,0.0349993786933338,-0.000360434069308913,NaN,NaN,NaN,0.0193559702735947,0.115960426589433,1,0,1
high_noise,59,1,1,1,0,1.5,1.5,0,0.0556771304014631,0.0610268444448639,0.00534971404340085,NaN,NaN,NaN,0.0180072162093304,0.114493908725717,0,1,1
high_noise,59,2,0.97,1,0,1.5,1.5,0,0.0469160540076519,0.0478545237699994,0.000938469762347433,NaN,NaN,NaN,0.0200888908404961,0.104672718837932,0,1,1
high_noise,59,3,0.94,1,0,1.5,1.5,0,0.0319536704075555,0.0322573648033096,0.000303694395754131,NaN,NaN,NaN,0.0203945630890086,0.0986099353324592,0,1,1
high_noise,61,1,1,1,0,1.5,1.5,0,0.0379919381050717,0.05190753511766,0.0139155970125884,NaN,NaN,NaN,0.0202532778252461,0.117768312783329,0,1,1
high_noise,61,2,0.97,1,0,1.5,1.5,0,0.0410073784720538,0.0421422099055834,0.0011348314335296,NaN,NaN,NaN,0.0210637131887674,0.110790824101049,0,1,1
high_noise,61,3,0.94,1,0,1.5,1.5,0,0.0163615846118266,0.0248802770783314,0.0085186924665048,NaN,NaN,NaN,0.0208262261212321,0.118320976075148,0,1,1
high_noise,63,1,1,1,0,1.5,1.5,0,0.0506255603156744,0.0588893155080219,0.0082637551923475,NaN,NaN,NaN,0.019275477766705,0.113451708766155,0,1,1
high_noise,63,2,0.97,1,0,1.5,1.5,0,0.0382040044559587,0.0440209469883814,0.00581694253242276,NaN,NaN,NaN,0.0193982611722944,0.120229281739371,0,1,1
high_noise,63,3,0.94,1,0,1.5,1.5,0,0.0231897321464862,0.0279018905131117,0.00471215836662543,NaN,NaN,NaN,0.0214147463287716,0.110906586069884,0,1,1
high_noise,65,1,1,1,0,1.5,1.5,0,0.0554875498373447,0.0562234680104625,0.000735918173117849,NaN,NaN,NaN,0.0228041245831522,0.108895217248696,0,1,1
high_noise,65,2,0.97,1,0,1.5,1.5,0,0.0347466211499154,0.0389695026754348,0.00422288152551942,NaN,NaN,NaN,0.0196875536171112,0.120142594830458,0,1,1
high_noise,65,3,0.94,1,0,1.5,1.5,0,0.0183207316040028,0.0255086562054204,0.0071879246014177,NaN,NaN,NaN,0.020035167079269,0.108495637012963,0,1,1
high_noise,67,1,1,1,0,1.5,1.5,0,0.0465742352617985,0.0526080770830315,0.00603384182123294,NaN,NaN,NaN,0.0203683078015829,0.11556102457048,0,1,1
high_noise,67,2,0.97,1,0,1.5,1.5,0,0.0363688325203106,0.0389396305568079,0.00257079803649729,NaN,NaN,NaN,0.0217587356771512,0.121038366741485,0,1,1
high_noise,67,3,0.94,1,0,1.5,1.5,0,0.0200180385882061,0.0224177603423581,0.00239972175415204,NaN,NaN,NaN,0.0227897174522477,0.117705692008431,0,1,1
high_noise,69,1,1,1,0,1.5,1.5,0,0.0551517078821351,0.0567632510670533,0.00161154318491817,NaN,NaN,NaN,0.0193898197161876,0.111318966842965,0,1,1
high_noise,69,2,0.97,1,0,1.5,1.5,0,0.0349103653948815,0.0411368487841232,0.00622648338924172,NaN,NaN,NaN,0.0208678655810464,0.112088536115844,0,1,1
high_noise,69,3,0.94,1,0,1.5,1.5,0,0.0230932744164969,0.022407777633822,-0.000685496782674919,NaN,NaN,NaN,0.0220178354217507,0.114536705593385,1,0,1
high_noise,71,1,1,1,0,1.5,1.5,0,0.0392540401750859,0.046429275554994,0.00717523537990808,NaN,NaN,NaN,0.0220882738359919,0.109435983190512,0,1,1
high_noise,71,2,0.97,1,0,1.5,1.5,0,0.0320630537158758,0.0370167930684014,0.00495373935252555,NaN,NaN,NaN,0.0197729081509834,0.117973361958042,0,1,1
high_noise,71,3,0.94,1,0,1.5,1.5,0,0.0136039410797288,0.0186153887212535,0.00501144764152472,NaN,NaN,NaN,0.0218621563145672,0.112420780893522,0,1,1
high_noise,73,1,1,1,0,1.5,1.5,0,0.050320478826807,0.0542453858141977,0.0039249069873907,NaN,NaN,NaN,0.0216784717883571,0.112620976840154,0,1,1
high_noise,73,2,0.97,1,0,1.5,1.5,0,0.037938484685135,0.0407194211500327,0.00278093646489771,NaN,NaN,NaN,0.0227008589302746,0.114371621011065,0,1,1
high_noise,73,3,0.94,1,0,1.5,1.5,0,0.0135065706665546,0.0224572345245346,0.00895066385797996,NaN,NaN,NaN,0.0206216603942374,0.115233345642845,0,1,1
high_noise,75,1,1,1,0,1.5,1.5,0,0.0503047142137093,0.0513223259079749,0.00101761169426567,NaN,NaN,NaN,0.0211387705674179,0.104635003130836,0,1,1
high_noise,75,2,0.97,1,0,1.5,1.5,0,0.0333749854853208,0.0367903515234104,0.00341536603808959,NaN,NaN,NaN,0.0187663784191332,0.113442342743397,0,1,1
high_noise,75,3,0.94,1,0,1.5,1.5,0,0.0204499483698479,0.0210456191638034,0.000595670793955484,NaN,NaN,NaN,0.0209383457258768,0.118311843176172,0,1,1
high_noise,77,1,1,1,0,1.5,1.5,0,0.0568295806746451,0.0545061324356646,-0.00232344823898046,NaN,NaN,NaN,0.0205348890165384,0.121312629281182,1,0,1
high_noise,77,2,0.97,1,0,1.5,1.5,0,0.0313039416889701,0.0367248225222017,0.00542088083323165,NaN,NaN,NaN,0.021205981293039,0.114223385103693,0,1,1
high_noise,77,3,0.94,1,0,1.5,1.5,0,0.0263586883686337,0.0220021207053471,-0.00435656766328655,NaN,NaN,NaN,0.0226540125724653,0.106665235006077,1,0,1
high_noise,79,1,1,1,0,1.5,1.5,0,0.0558266178505986,0.0546561710816712,-0.00117044676892741,NaN,NaN,NaN,0.0199553960963961,0.110215395133042,1,0,1
high_noise,79,2,0.97,1,0,1.5,1.5,0,0.0380281607673669,0.0399791951424586,0.00195103437509175,NaN,NaN,NaN,0.0194315457975647,0.113628122918525,0,1,1
high_noise,79,3,0.94,1,0,1.5,1.5,0,0.0203924868300736,0.0226438249330411,0.00225133810296745,NaN,NaN,NaN,0.0205140835629383,0.10805344017753,0,1,1
high_noise,81,1,1,1,0,1.5,1.5,0,0.0513418615408621,0.0497963059011376,-0.0015455556397244,NaN,NaN,NaN,0.0205571272003461,0.108588964927613,1,0,1
high_noise,81,2,0.97,1,0,1.5,1.5,0,0.029605159497096,0.0341698146724644,0.00456465517536839,NaN,NaN,NaN,0.0217149829042391,0.118589429295339,0,1,1
high_noise,81,3,0.94,1,0,1.5,1.5,0,0.0247406484957773,0.0213730030594935,-0.00336764543628383,NaN,NaN,NaN,0.0212744184778794,0.10121573625505,1,0,1
high_noise,83,1,1,1,0,1.5,1.5,0,0.0489684386370035,0.0499042980206778,0.000935859383674326,NaN,NaN,NaN,0.0182933706247652,0.111337641306772,0,1,1
high_noise,83,2,0.97,1,0,1.5,1.5,0,0.0312299641890827,0.0354184903791574,0.00418852619007472,NaN,NaN,NaN,0.0199137398580212,0.115685304077649,0,1,1
high_noise,83,3,0.94,1,0,1.5,1.5,0,0.0164942833024172,0.0156074458540504,-0.00088683744836685,NaN,NaN,NaN,0.0231561086590868,0.114573558757319,1,0,1
high_noise,84,1,1,1,0,1.5,1.5,0,0.0335717766569561,0.0342523695205345,0.000680592863578376,NaN,NaN,NaN,0.0209703696449372,0.111592317954632,0,1,1
high_noise,84,2,0.97,1,0,1.5,1.5,0,0.0237247251574209,0.0171078503902755,-0.00661687476714537,NaN,NaN,NaN,0.024163287410873,0.117860440854675,1,0,1
high_noise,84,3,0.94,1,0,1.5,1.5,0,0.0187463993995107,0.0118220990185008,-0.00692430038100982,NaN,NaN,NaN,0.0221700404828077,0.117134503134167,1,0,1
init_soc_plus5,1,1,1,1,0.05,1,1,0,0.0453258168372112,0.0450333472553761,-0.000292469581835111,NaN,NaN,NaN,0.0219571195048284,0.118973052723682,1,0,1
init_soc_plus5,1,2,0.97,1,0.05,1,1,0,0.0176020739175776,0.0336980262873126,0.016095952369735,NaN,NaN,NaN,0.0226917282069224,0.111490573375801,0,1,1
init_soc_plus5,1,3,0.94,1,0.05,1,1,0,0.0130288007647822,0.0294765683878688,0.0164477676230866,NaN,NaN,NaN,0.0210822803737744,0.11101765862857,0,1,1
init_soc_plus5,3,1,1,1,0.05,1,1,0,0.0433319321115008,0.0488850059938315,0.00555307388233071,NaN,NaN,NaN,0.0212866659448196,0.118531238872952,0,1,1
init_soc_plus5,3,2,0.97,1,0.05,1,1,0,0.0302495145630662,0.0390222591458879,0.00877274458282162,NaN,NaN,NaN,0.0199707442169782,0.106743013955306,0,1,1
init_soc_plus5,3,3,0.94,1,0.05,1,1,0,0.0121643085607222,0.0290629183951923,0.0168986098344701,NaN,NaN,NaN,0.0229982251062359,0.119724363251016,0,1,1
init_soc_plus5,5,1,1,1,0.05,1,1,0,0.0517795022814398,0.050176461049787,-0.00160304123165281,NaN,NaN,NaN,0.0205296181941939,0.117258486445023,1,0,1
init_soc_plus5,5,2,0.97,1,0.05,1,1,0,0.0337989798969352,0.0399707114250386,0.00617173152810342,NaN,NaN,NaN,0.0193089855344775,0.112837730973752,0,1,1
init_soc_plus5,5,3,0.94,1,0.05,1,1,0,0.0120463500848203,0.0302734024623914,0.0182270523775711,NaN,NaN,NaN,0.0221166350159607,0.127639513613195,0,1,1
init_soc_plus5,7,1,1,1,0.05,1,1,0,0.0389783837591088,0.0483503382359553,0.00937195447684649,NaN,NaN,NaN,0.020533639640559,0.115677860371268,0,1,1
init_soc_plus5,7,2,0.97,1,0.05,1,1,0,0.029505298526122,0.0372291588235131,0.00772386029739108,NaN,NaN,NaN,0.0209153048168517,0.11808418883225,0,1,1
init_soc_plus5,7,3,0.94,1,0.05,1,1,0,0.0143623365602723,0.0300090682745524,0.0156467317142802,NaN,NaN,NaN,0.021128273613429,0.111049860423403,0,1,1
init_soc_plus5,11,1,1,1,0.05,1,1,0,0.0592737297349501,0.049536351889998,-0.00973737784495213,NaN,NaN,NaN,0.0232997791282291,0.115667975741366,1,0,1
init_soc_plus5,11,2,0.97,1,0.05,1,1,0,0.025766709452032,0.0376380357351452,0.0118713262831132,NaN,NaN,NaN,0.0203050613864154,0.107672238705639,0,1,1
init_soc_plus5,11,3,0.94,1,0.05,1,1,0,0.0182476066356967,0.0280964782621004,0.00984887162640369,NaN,NaN,NaN,0.0223863374239041,0.10929006616097,0,1,1
init_soc_plus5,13,1,1,1,0.05,1,1,0,0.0631745655516478,0.0543501747043688,-0.00882439084727892,NaN,NaN,NaN,0.0221791140902435,0.108673552765714,1,0,1
init_soc_plus5,13,2,0.97,1,0.05,1,1,0,0.0374422758000843,0.0407867286544574,0.0033444528543731,NaN,NaN,NaN,0.020649822362987,0.120458481519746,0,1,1
init_soc_plus5,13,3,0.94,1,0.05,1,1,0,0.0204653025730496,0.032923694314392,0.0124583917413425,NaN,NaN,NaN,0.020806208067884,0.108474793958086,0,1,1
init_soc_plus5,17,1,1,1,0.05,1,1,0,0.0554955101257596,0.0518771013288573,-0.00361840879690224,NaN,NaN,NaN,0.0209002520677375,0.115178132562,1,0,1
init_soc_plus5,17,2,0.97,1,0.05,1,1,0,0.0370967284231515,0.0404986164416699,0.00340188801851841,NaN,NaN,NaN,0.0206683199840627,0.113914251278266,0,1,1
init_soc_plus5,17,3,0.94,1,0.05,1,1,0,0.0157710350630919,0.0309752325461652,0.0152041974830733,NaN,NaN,NaN,0.0216209258704302,0.107165341233444,0,1,1
init_soc_plus5,20,1,1,1,0.05,1,1,0,0.0403875180631486,0.0521922083632186,0.01180469030007,NaN,NaN,NaN,0.021621199170491,0.118567834461517,0,1,1
init_soc_plus5,20,2,0.97,1,0.05,1,1,0,0.049768350561258,0.0424686464289474,-0.0072997041323106,NaN,NaN,NaN,0.0224939337982913,0.109930508035064,1,0,1
init_soc_plus5,20,3,0.94,1,0.05,1,1,0,0.0246049703019957,0.028740887446858,0.00413591714486223,NaN,NaN,NaN,0.0217425531882427,0.115783398376893,0,1,1
init_soc_plus5,22,1,1,1,0.05,1,1,0,0.0523230544902944,0.0587223715541674,0.00639931706387299,NaN,NaN,NaN,0.0200293702019384,0.110432320961845,0,1,1
init_soc_plus5,22,2,0.97,1,0.05,1,1,0,0.0524340397446402,0.047318460248184,-0.00511557949645616,NaN,NaN,NaN,0.0216177855455328,0.106263651757404,1,0,1
init_soc_plus5,22,3,0.94,1,0.05,1,1,0,0.041096880689689,0.0349461046274776,-0.00615077606221148,NaN,NaN,NaN,0.0236079536527486,0.109756073704746,1,0,1
init_soc_plus5,24,1,1,1,0.05,1,1,0,0.062758216897226,0.056426559786892,-0.006331657110334,NaN,NaN,NaN,0.0218553659881927,0.110923181558911,1,0,1
init_soc_plus5,24,2,0.97,1,0.05,1,1,0,0.0391101979477385,0.0431740070839489,0.00406380913621043,NaN,NaN,NaN,0.0202295885658127,0.119586944285728,0,1,1
init_soc_plus5,24,3,0.94,1,0.05,1,1,0,0.0280455506001738,0.0322168318604574,0.00417128126028355,NaN,NaN,NaN,0.0224304270028792,0.113167610154902,0,1,1
init_soc_plus5,26,1,1,1,0.05,1,1,0,0.0639044725841659,0.0578911399457715,-0.00601333263839441,NaN,NaN,NaN,0.0216389574794289,0.110430712582782,1,0,1
init_soc_plus5,26,2,0.97,1,0.05,1,1,0,0.0364514356259233,0.0455191994167967,0.00906776379087344,NaN,NaN,NaN,0.0204331626198266,0.110554116996416,0,1,1
init_soc_plus5,26,3,0.94,1,0.05,1,1,0,0.0235295751938755,0.0355305326760642,0.0120009574821887,NaN,NaN,NaN,0.0199207671649025,0.115054768488955,0,1,1
init_soc_plus5,28,1,1,1,0.05,1,1,0,0.0639892073969567,0.0578924161276285,-0.0060967912693282,NaN,NaN,NaN,0.0212954279768577,0.117773084694354,1,0,1
init_soc_plus5,28,2,0.97,1,0.05,1,1,0,0.0321303406574764,0.0447629623847363,0.0126326217272599,NaN,NaN,NaN,0.0202646566063306,0.108475098942859,0,1,1
init_soc_plus5,28,3,0.94,1,0.05,1,1,0,0.0220002049718326,0.0363538595947578,0.0143536546229252,NaN,NaN,NaN,0.0188399195197765,0.114913101462683,0,1,1
init_soc_plus5,30,1,1,1,0.05,1,1,0,0.0613552192219605,0.0576184878862404,-0.00373673133572011,NaN,NaN,NaN,0.0201551924811434,0.109739464687372,1,0,1
init_soc_plus5,30,2,0.97,1,0.05,1,1,0,0.0370327255093877,0.0453203358992112,0.00828761038982347,NaN,NaN,NaN,0.0191275166936005,0.109864084906729,0,1,1
init_soc_plus5,30,3,0.94,1,0.05,1,1,0,0.0253829734118708,0.0308173626551987,0.00543438924332787,NaN,NaN,NaN,0.0214709603687062,0.113341085867451,0,1,1
init_soc_plus5,32,1,1,1,0.05,1,1,0,0.0498872947234612,0.0576981322282563,0.00781083750479508,NaN,NaN,NaN,0.0202242683391396,0.111679528942372,0,1,1
init_soc_plus5,32,2,0.97,1,0.05,1,1,0,0.0454219431624866,0.0450347799622456,-0.000387163200240979,NaN,NaN,NaN,0.021721588815524,0.119056215140415,1,0,1
init_soc_plus5,32,3,0.94,1,0.05,1,1,0,0.031963521404048,0.0314663073147855,-0.000497214089262552,NaN,NaN,NaN,0.0225741387574804,0.115458301332743,1,0,1
init_soc_plus5,34,1,1,1,0.05,1,1,0,0.062715224786648,0.0574646917157372,-0.00525053307091086,NaN,NaN,NaN,0.0210593486317941,0.118645015825675,1,0,1
init_soc_plus5,34,2,0.97,1,0.05,1,1,0,0.0483465223141752,0.0448690560517359,-0.00347746626243931,NaN,NaN,NaN,0.0218687871292443,0.110799936069025,1,0,1
init_soc_plus5,34,3,0.94,1,0.05,1,1,0,0.020274911773843,0.0313839506945223,0.0111090389206794,NaN,NaN,NaN,0.0215656637091633,0.117784319732991,0,1,1
init_soc_plus5,36,1,1,1,0.05,1,1,0,0.0764598190692573,0.0642538687916824,-0.0122059502775749,NaN,NaN,NaN,0.0227434093119512,0.10411184284708,1,0,1
init_soc_plus5,36,2,0.97,1,0.05,1,1,0,0.0475719348320207,0.0484288278892401,0.000856893057219449,NaN,NaN,NaN,0.020753285268162,0.1187687128214,0,1,1
init_soc_plus5,36,3,0.94,1,0.05,1,1,0,0.0245314567653706,0.03350062243601,0.0089691656706394,NaN,NaN,NaN,0.0216470743091527,0.120399416162497,0,1,1
init_soc_plus5,38,1,1,1,0.05,1,1,0,0.0681289881540514,0.0616025430627978,-0.00652644509125361,NaN,NaN,NaN,0.021998443205755,0.114462944508553,1,0,1
init_soc_plus5,38,2,0.97,1,0.05,1,1,0,0.0599031726007163,0.0495156312357153,-0.010387541365001,NaN,NaN,NaN,0.022651123386836,0.112866729154418,1,0,1
init_soc_plus5,38,3,0.94,1,0.05,1,1,0,0.0408457528685147,0.0339551797851423,-0.00689057308337242,NaN,NaN,NaN,0.0229109404766735,0.115592062404904,1,0,1
init_soc_plus5,40,1,1,1,0.05,1,1,0,0.0811434749806493,0.0670550993495592,-0.0140883756310901,NaN,NaN,NaN,0.0235593024693197,0.120957867651276,1,0,1
init_soc_plus5,40,2,0.97,1,0.05,1,1,0,0.0534475695324395,0.0505091677540204,-0.00293840177841911,NaN,NaN,NaN,0.0206429275853879,0.127476731097608,1,0,1
init_soc_plus5,40,3,0.94,1,0.05,1,1,0,0.042929539982584,0.0366636167716386,-0.00626592321094543,NaN,NaN,NaN,0.0225401768233279,0.112859631471828,1,0,1
init_soc_plus5,43,1,1,1,0.05,1,1,0,0.0654736142547633,0.0590505367171641,-0.00642307753759924,NaN,NaN,NaN,0.0221671852708615,0.105772667808189,1,0,1
init_soc_plus5,43,2,0.97,1,0.05,1,1,0,0.0452976117326218,0.0440938955160171,-0.00120371621660476,NaN,NaN,NaN,0.0218746673559503,0.108170133765414,1,0,1
init_soc_plus5,43,3,0.94,1,0.05,1,1,0,0.0396406340114163,0.0309022950427977,-0.00873833896861853,NaN,NaN,NaN,0.0229343580565577,0.106474054390783,1,0,1
init_soc_plus5,45,1,1,1,0.05,1,1,0,0.0739813984467331,0.0603436307958362,-0.0136377676508969,NaN,NaN,NaN,0.0230992362115755,0.115277767368972,1,0,1
init_soc_plus5,45,2,0.97,1,0.05,1,1,0,0.0449827728283364,0.0424898776259436,-0.00249289520239278,NaN,NaN,NaN,0.021291213701686,0.117019945561225,1,0,1
init_soc_plus5,45,3,0.94,1,0.05,1,1,0,0.0280724574066823,0.0288661727811381,0.000793715374455765,NaN,NaN,NaN,0.0224687773844494,0.100708786134587,0,1,1
init_soc_plus5,47,1,1,1,0.05,1,1,0,0.0652540998791444,0.0583562817653727,-0.00689781811377175,NaN,NaN,NaN,0.0208197797315687,0.117863784195533,1,0,1
init_soc_plus5,47,2,0.97,1,0.05,1,1,0,0.0547911321386679,0.0447316220138647,-0.0100595101248033,NaN,NaN,NaN,0.0228802578507817,0.11895390719364,1,0,1
init_soc_plus5,47,3,0.94,1,0.05,1,1,0,0.0319924889912695,0.027674939237691,-0.00431754975357849,NaN,NaN,NaN,0.0224262952536767,0.10994842450519,1,0,1
init_soc_plus5,49,1,1,1,0.05,1,1,0,0.0532453443255835,0.0567520901674976,0.00350674584191408,NaN,NaN,NaN,0.0208869766288846,0.109571842752659,0,1,1
init_soc_plus5,49,2,0.97,1,0.05,1,1,0,0.0357915339787477,0.040879580222423,0.00508804624367529,NaN,NaN,NaN,0.0222399484271519,0.111895427175785,0,1,1
init_soc_plus5,49,3,0.94,1,0.05,1,1,0,0.0319605449521745,0.029350849346146,-0.00260969560602843,NaN,NaN,NaN,0.0223937013237239,0.108727820384562,1,0,1
init_soc_plus5,51,1,1,1,0.05,1,1,0,0.0539848740631847,0.0566033711798986,0.00261849711671389,NaN,NaN,NaN,0.021514744033432,0.121398396413277,0,1,1
init_soc_plus5,51,2,0.97,1,0.05,1,1,0,0.0371881209151803,0.0431445889675683,0.00595646805238802,NaN,NaN,NaN,0.0209660517420319,0.109290235013527,0,1,1
init_soc_plus5,51,3,0.94,1,0.05,1,1,0,0.0302200660880378,0.0287777731952872,-0.00144229289275059,NaN,NaN,NaN,0.0217263149112516,0.118834916008789,1,0,1
init_soc_plus5,53,1,1,1,0.05,1,1,0,0.0701571608077701,0.0628297209236823,-0.00732743988408778,NaN,NaN,NaN,0.0211041425136497,0.116146519372571,1,0,1
init_soc_plus5,53,2,0.97,1,0.05,1,1,0,0.0414770077866544,0.0453988822144431,0.00392187442778869,NaN,NaN,NaN,0.0219803905195455,0.119616681156884,0,1,1
init_soc_plus5,53,3,0.94,1,0.05,1,1,0,0.0357487683859372,0.0325751017886154,-0.00317366659732179,NaN,NaN,NaN,0.0220264848428267,0.113252641057593,1,0,1
init_soc_plus5,55,1,1,1,0.05,1,1,0,0.0608500474806574,0.0561200942771962,-0.00472995320346112,NaN,NaN,NaN,0.02088882669422,0.112408784978023,1,0,1
init_soc_plus5,55,2,0.97,1,0.05,1,1,0,0.051596355439973,0.0429600469724139,-0.00863630846755906,NaN,NaN,NaN,0.0228863995455054,0.106131134677836,1,0,1
init_soc_plus5,55,3,0.94,1,0.05,1,1,0,0.0305875312744465,0.0260924631572824,-0.00449506811716414,NaN,NaN,NaN,0.0226679874840564,0.109091224560691,1,0,1
init_soc_plus5,57,1,1,1,0.05,1,1,0,0.0653318923763801,0.0630610177729729,-0.00227087460340722,NaN,NaN,NaN,0.0197340956062691,0.11133472855911,1,0,1
init_soc_plus5,57,2,0.97,1,0.05,1,1,0,0.0588929792835138,0.0510301032405178,-0.00786287604299603,NaN,NaN,NaN,0.0230584228099731,0.112796462284612,1,0,1
init_soc_plus5,57,3,0.94,1,0.05,1,1,0,0.0319846859204279,0.0322390469287408,0.000254361008312907,NaN,NaN,NaN,0.0224316327023769,0.109073181274304,0,1,1
init_soc_plus5,59,1,1,1,0.05,1,1,0,0.0796179793294221,0.0647242887122436,-0.0148936906171785,NaN,NaN,NaN,0.0232089336460088,0.113730348599894,1,0,1
init_soc_plus5,59,2,0.97,1,0.05,1,1,0,0.0514284666073951,0.0478869998861819,-0.00354146672121315,NaN,NaN,NaN,0.0227585634186985,0.11816479093761,1,0,1
init_soc_plus5,59,3,0.94,1,0.05,1,1,0,0.0331313656010915,0.031348667916844,-0.00178269768424745,NaN,NaN,NaN,0.0214949077108701,0.111031586150554,1,0,1
init_soc_plus5,61,1,1,1,0.05,1,1,0,0.0543606779233795,0.0556398350729699,0.00127915714959032,NaN,NaN,NaN,0.0194412897861009,0.11505061013138,0,1,1
init_soc_plus5,61,2,0.97,1,0.05,1,1,0,0.0413694922692233,0.0406088630929125,-0.00076062917631084,NaN,NaN,NaN,0.0223980040654511,0.115452751031173,1,0,1
init_soc_plus5,61,3,0.94,1,0.05,1,1,0,0.0317070097394163,0.0256102175521266,-0.00609679218728975,NaN,NaN,NaN,0.0227898129924664,0.107756691429904,1,0,1
init_soc_plus5,63,1,1,1,0.05,1,1,0,0.0455777890791975,0.0557976243340617,0.0102198352548642,NaN,NaN,NaN,0.0222611950579825,0.107965772563909,0,1,1
init_soc_plus5,63,2,0.97,1,0.05,1,1,0,0.0473954628687345,0.0452808023486191,-0.00211466052011538,NaN,NaN,NaN,0.0211741115631402,0.108917243033168,1,0,1
init_soc_plus5,63,3,0.94,1,0.05,1,1,0,0.0504622235293408,0.0354268699792215,-0.0150353535501193,NaN,NaN,NaN,0.0230502739515651,0.117311572213935,1,0,1
init_soc_plus5,65,1,1,1,0.05,1,1,0,0.0631628778920713,0.0569270181102955,-0.00623585978177583,NaN,NaN,NaN,0.022097620632783,0.112242961637314,1,0,1
init_soc_plus5,65,2,0.97,1,0.05,1,1,0,0.0540418320721422,0.0439555858559982,-0.010086246216144,NaN,NaN,NaN,0.0225464389203906,0.119846776069207,1,0,1
init_soc_plus5,65,3,0.94,1,0.05,1,1,0,0.0250423691623,0.0256013393821173,0.000558970219817337,NaN,NaN,NaN,0.0213806681556405,0.112054511376009,0,1,1
init_soc_plus5,67,1,1,1,0.05,1,1,0,0.0535105562220786,0.0535067619421256,-3.7942799529303e-06,NaN,NaN,NaN,0.0212591186091405,0.114418579562693,1,0,1
init_soc_plus5,67,2,0.97,1,0.05,1,1,0,0.0545682649515501,0.0432290439992982,-0.0113392209522519,NaN,NaN,NaN,0.0215385254262631,0.111476582423198,1,0,1
init_soc_plus5,67,3,0.94,1,0.05,1,1,0,0.0265766184181658,0.0236289938996343,-0.00294762451853151,NaN,NaN,NaN,0.0223705119439496,0.108335616510092,1,0,1
init_soc_plus5,69,1,1,1,0.05,1,1,0,0.059288400776865,0.0566584834786996,-0.00262991729816542,NaN,NaN,NaN,0.0200612196222574,0.11012365131242,1,0,1
init_soc_plus5,69,2,0.97,1,0.05,1,1,0,0.0468879479191764,0.0426885636307991,-0.00419938428837735,NaN,NaN,NaN,0.021348267819095,0.11389522865208,1,0,1
init_soc_plus5,69,3,0.94,1,0.05,1,1,0,0.0233163196275818,0.0237355092870102,0.000419189659428353,NaN,NaN,NaN,0.023267799667656,0.117170838568449,0,1,1
init_soc_plus5,71,1,1,1,0.05,1,1,0,0.0615120564550233,0.0545172716138264,-0.00699478484119686,NaN,NaN,NaN,0.0217326196843273,0.119922324563721,1,0,1
init_soc_plus5,71,2,0.97,1,0.05,1,1,0,0.0524492642325327,0.0419799772382722,-0.0104692869942605,NaN,NaN,NaN,0.0224105482404478,0.114132512856998,1,0,1
init_soc_plus5,71,3,0.94,1,0.05,1,1,0,0.0229388763004101,0.0215162931342751,-0.00142258316613492,NaN,NaN,NaN,0.0228741163553844,0.117449056062744,1,0,1
init_soc_plus5,73,1,1,1,0.05,1,1,0,0.0589781429621036,0.0569029694561782,-0.00207517350592541,NaN,NaN,NaN,0.0203201868582868,0.104870712734394,1,0,1
init_soc_plus5,73,2,0.97,1,0.05,1,1,0,0.0386771389452727,0.0410307068649571,0.00235356791968432,NaN,NaN,NaN,0.0213746416885917,0.114657506421733,0,1,1
init_soc_plus5,73,3,0.94,1,0.05,1,1,0,0.029144840768691,0.0259428821513763,-0.0032019586173147,NaN,NaN,NaN,0.0218982718636864,0.111728125032989,1,0,1
init_soc_plus5,75,1,1,1,0.05,1,1,0,0.0578587892494874,0.053332014261365,-0.00452677498812238,NaN,NaN,NaN,0.0197670889764076,0.122305098201191,1,0,1
init_soc_plus5,75,2,0.97,1,0.05,1,1,0,0.036928806393816,0.0380062398437081,0.0010774334498921,NaN,NaN,NaN,0.0200758523714128,0.119538045360613,0,1,1
init_soc_plus5,75,3,0.94,1,0.05,1,1,0,0.0143870400014469,0.021820595366283,0.00743355536483611,NaN,NaN,NaN,0.0197226893455165,0.115747060858215,0,1,1
init_soc_plus5,77,1,1,1,0.05,1,1,0,0.0470488363959496,0.0513259024466089,0.00427706605065926,NaN,NaN,NaN,0.0216721693546302,0.10795861719598,0,1,1
init_soc_plus5,77,2,0.97,1,0.05,1,1,0,0.0397366858368629,0.0384363399205664,-0.00130034591629646,NaN,NaN,NaN,0.0222677620887391,0.116074653523683,1,0,1
init_soc_plus5,77,3,0.94,1,0.05,1,1,0,0.0228548589098093,0.0211980462889297,-0.00165681262087961,NaN,NaN,NaN,0.0228484949383652,0.136854190536653,1,0,1
init_soc_plus5,79,1,1,1,0.05,1,1,0,0.0557665880464832,0.0542720729203376,-0.0014945151261456,NaN,NaN,NaN,0.0196845039161955,0.114315055497296,1,0,1
init_soc_plus5,79,2,0.97,1,0.05,1,1,0,0.0364801619308954,0.0397669398048648,0.00328677787396948,NaN,NaN,NaN,0.0189522062176045,0.112803284672963,0,1,1
init_soc_plus5,79,3,0.94,1,0.05,1,1,0,0.0181513155062821,0.0237578643879558,0.00560654888167368,NaN,NaN,NaN,0.0213148391857349,0.106848992328649,0,1,1
init_soc_plus5,81,1,1,1,0.05,1,1,0,0.0408430489712427,0.0478859361922854,0.00704288722104272,NaN,NaN,NaN,0.0213375328245088,0.106037033556599,0,1,1
init_soc_plus5,81,2,0.97,1,0.05,1,1,0,0.0393322295034496,0.0355906413011713,-0.00374158820227827,NaN,NaN,NaN,0.0221561671652337,0.111416628276944,1,0,1
init_soc_plus5,81,3,0.94,1,0.05,1,1,0,0.0118301876503671,0.0192340410181159,0.00740385336774878,NaN,NaN,NaN,0.0205346873452369,0.115412795854511,0,1,1
init_soc_plus5,83,1,1,1,0.05,1,1,0,0.0550187353269717,0.0505177184847233,-0.00450101684224836,NaN,NaN,NaN,0.0197275727024763,0.117570381281665,1,0,1
init_soc_plus5,83,2,0.97,1,0.05,1,1,0,0.0351904631626886,0.0353878938731063,0.000197430710417661,NaN,NaN,NaN,0.0211945312016837,0.114570424427355,0,1,1
init_soc_plus5,83,3,0.94,1,0.05,1,1,0,0.0179401039053899,0.0208805950855471,0.00294049118015713,NaN,NaN,NaN,0.0193433956391658,0.115806427223528,0,1,1
init_soc_plus5,84,1,1,1,0.05,1,1,0,0.0324985918286645,0.0346322819225906,0.00213369009392612,NaN,NaN,NaN,0.0211611071263756,0.114911755913073,0,1,1
init_soc_plus5,84,2,0.97,1,0.05,1,1,0,0.0207324110942291,0.018617859971151,-0.00211455112307806,NaN,NaN,NaN,0.0223243836825803,0.11118411130102,1,0,1
init_soc_plus5,84,3,0.94,1,0.05,1,1,0,0.0192635739631413,0.0125128988759667,-0.00675067508717462,NaN,NaN,NaN,0.023684938762968,0.105924292852061,1,0,1
