battery_no,cycle_idx,num_cycles,cycle_frac,cycle_label,qnom_init_ah,soh_true,qnom_start_frac,rmse_ekf,rmse_v,residual_mean,residual_std,residual_late_mean,residual_end_minus_mid,residual_abs_area,residual_peak_abs,cluster_raw,cluster_shape
2,2,3,0.666666666666667,middle,1.0750582903201,1.02320033239544,1,0.0344994385959915,0.112549987824809,0.0261562131870211,0.0220020310388113,0.0634986596249695,0.0563246307698933,0.0260317110745092,0.0712322377207666,1,2
2,3,3,1,last,1.0750582903201,1.02320033239544,0.458901712712986,0.281907277810436,0.202675247531871,-0.241006049429345,0.150712737447892,-0.0950143286918676,0.401060796819212,0.243139039925538,0.484769151581362,2,1
4,2,3,0.666666666666667,middle,1.07931419993218,1.0191656887949,1,0.0342445800275445,0.112816058169106,0.025177443960852,0.0228129672298679,0.0631244330382605,0.0561811051103804,0.025058734863077,0.0693283028922926,1,2
4,3,3,1,last,1.07931419993218,1.0191656887949,0.45992452323738,0.286941538851383,0.204519578054463,-0.245862181478373,0.152522732010083,-0.0950373400281413,0.40670298574641,0.248136232203714,0.490567699885203,2,1
6,1,3,0.333333333333333,first,1.0761185,1.02219225856632,1,0.0302877355815779,0.113065601084091,0.0231002783919714,0.0190794558471844,0.0551253499241462,0.0459427588408003,0.0229789459118869,0.0641758176673214,1,2
6,2,3,0.666666666666667,middle,1.0761185,1.02219225856632,0.46069487535926,0.283414718810519,0.204022024816131,-0.241716621279808,0.152441774878274,-0.0950345256810308,0.404434528117391,0.243913300495319,0.492844608647373,2,1
6,3,3,1,last,1.0761185,1.02219225856632,0.457645984842883,0.283635443483208,0.202832910863879,-0.243438496510336,0.150096745286193,-0.0949666638100916,0.400582220910596,0.245487786411255,0.480973085221554,2,1
8,1,3,0.333333333333333,first,1.0936191,1.00583466400687,1,0.0448294506814975,0.112087076614089,0.0362162164795211,0.0260278512643974,0.0751134584048392,0.0529319230362938,0.0361241914362871,0.0816740776609354,1,2
8,2,3,0.666666666666667,middle,1.0936191,1.00583466400687,0.453114956005389,0.286593703348552,0.205521480011456,-0.24573197615972,0.152060641206731,-0.0950135255155698,0.406832927466463,0.247946316027513,0.490653986441974,2,1
8,3,3,1,last,1.0936191,1.00583466400687,0.453492617392697,0.284633439190158,0.202301926450292,-0.243646358020277,0.151685509438367,-0.0949986914640391,0.403268616027642,0.245999148823975,0.488258599014519,2,1
9,1,3,0.333333333333333,first,1.0818598992844,1.01676751373038,1,0.040161659906393,0.111726916769765,0.0308595071103416,0.0252094740357023,0.0701720025775994,0.0527410662610353,0.0307363274710089,0.0802447285599942,1,2
9,2,3,0.666666666666667,middle,1.0818598992844,1.01676751373038,0.455061656819056,0.285305517945989,0.206622061612904,-0.242408417890243,0.154919270232373,-0.0950220735416575,0.407528402401236,0.244929608815982,0.49239515387052,2,1
9,3,3,1,last,1.0818598992844,1.01676751373038,0.460424770146457,0.288128622903938,0.205915435406845,-0.247080900871468,0.152820737993576,-0.0950347047579738,0.409364636346227,0.249270539418397,0.492319159598849,2,1
10,2,3,0.666666666666667,middle,1.05287377543378,1.04475961474755,1,0.0267449703960485,0.112754824694496,0.0200466678773997,0.0174250709024732,0.0493426524514377,0.0422442273414279,0.0199549770601408,0.0517527605405054,1,2
10,3,3,1,last,1.05287377543378,1.04475961474755,0.470259974024769,0.288705078336029,0.207057874997567,-0.246850475236737,0.154292717495119,-0.0950488406064555,0.410953205820333,0.249177591510155,0.499049760508782,2,1
12,1,3,0.333333333333333,first,1.06026347240936,1.03747797469655,1,0.0345832207451622,0.112464989012501,0.0259677375715854,0.0224523479114689,0.0623342668185486,0.0478164375702386,0.0258554090487563,0.0687760423337733,1,2
12,2,3,0.666666666666667,middle,1.06026347240936,1.03747797469655,0.460224648406772,0.284076372939362,0.202265967999111,-0.244355079246104,0.149453932895111,-0.0949712609948218,0.399580379271217,0.24645944369874,0.479116171648854,2,1
12,3,3,1,last,1.06026347240936,1.03747797469655,0.464563710306721,0.28369791803818,0.201562072370976,-0.24255706297872,0.151647344045145,-0.0949848872035943,0.401914325846635,0.24482605044517,0.486083214392655,2,1
14,1,3,0.333333333333333,first,1.07201579959914,1.02610427981689,1,0.0330536135108052,0.112421701530145,0.0251350649618525,0.0210765417126856,0.0596314193089077,0.0478981077941546,0.0250256018605174,0.0653674173407272,1,2
14,2,3,0.666666666666667,middle,1.07201579959914,1.02610427981689,0.463059665307421,0.276853018112752,0.20258636792157,-0.236569457692977,0.148201280617493,-0.0950063301004334,0.392235612971999,0.238891258441413,0.472549486009264,2,1
14,3,3,1,last,1.07201579959914,1.02610427981689,0.461351135493297,0.281857778932235,0.204908469629293,-0.239189290005563,0.153505540130849,-0.0949675503371574,0.401989509028198,0.242018504381055,0.489293911144519,2,1
16,1,3,0.333333333333333,first,1.08514757936392,1.0136870052687,1,0.0488178116908939,0.111566261919878,0.0389131763699043,0.0290871773013516,0.0837932986044647,0.0568774212060658,0.0388158522228275,0.0886471303868696,1,2
16,2,3,0.666666666666667,middle,1.08514757936392,1.0136870052687,0.451407292729055,0.289232155659082,0.2048621708349,-0.249277596061363,0.151362506015113,-0.0950216164117547,0.40712749928545,0.251420965040095,0.490015584436219,2,1
16,3,3,1,last,1.08514757936392,1.0136870052687,0.452923762324034,0.270858097424317,0.197362606102546,-0.230154258426575,0.147034377131036,-0.0949376223532978,0.382411281716762,0.232336783276719,0.458123324572222,2,1
18,1,3,0.333333333333333,first,1.08161697367701,1.01699587448272,1,0.0437533309596495,0.111475581015832,0.035422269753544,0.0253767755529183,0.0724819290720893,0.0446083685568739,0.0353427416231996,0.0771319957307302,1,2
18,2,3,0.666666666666667,middle,1.08161697367701,1.01699587448272,0.457111406115531,0.274423065907581,0.202448457999589,-0.234106889014541,0.147515048438667,-0.0949622384042725,0.388828080189443,0.236795892628237,0.469037065757332,2,1
18,3,3,1,last,1.08161697367701,1.01699587448272,0.454413550098736,0.273539464892324,0.199579732531931,-0.232692904936986,0.148080354701534,-0.0949603981090053,0.386129461547559,0.235450583977743,0.466072449956909,2,1
19,1,3,0.333333333333333,first,1.07960858690033,1.01888778335694,1,0.0388563055011346,0.111571644520585,0.0307003603609205,0.0235459040876728,0.0663649011866845,0.0457985249362697,0.0306170954618492,0.0712896341686246,1,2
19,2,3,0.666666666666667,middle,1.07960858690033,1.01888778335694,0.460760944630663,0.273285938065023,0.197432267672244,-0.233978973372986,0.145560294997647,-0.0949200963040764,0.383290486095022,0.236400898181705,0.457877758389578,2,1
19,3,3,1,last,1.07960858690033,1.01888778335694,0.454524009588159,0.277409799091076,0.202078549592397,-0.238321015781509,0.146433168604684,-0.0949578025239402,0.390903456152413,0.240446752312643,0.469236867488882,2,1
21,1,3,0.333333333333333,first,1.0747923715305,1.023453486587,1,0.0426918552054436,0.113636255860474,0.0362074160813849,0.0224761980979728,0.0650992578825848,0.0315676069746425,0.0361662481953063,0.0676681046074486,1,2
21,2,3,0.666666666666667,middle,1.0747923715305,1.023453486587,0.461701149625158,0.278883687707797,0.202880460833151,-0.23805255005189,0.149693195160094,-0.0949952008432088,0.393642371978721,0.2406635563912,0.470796563552986,2,1
21,3,3,1,last,1.0747923715305,1.023453486587,0.461885783480043,0.287130779207927,0.202197775804424,-0.247471486909525,0.150256471481447,-0.0949691088512201,0.402738001993594,0.24959917703358,0.485118848075697,2,1
23,1,3,0.333333333333333,first,1.0795402859331,1.01895224692724,1,0.0536835932795712,0.112989665079963,0.0453121353740541,0.0285614816385085,0.0834481210434455,0.04173561781497,0.0452629299271836,0.0871056757336847,1,2
23,2,3,0.666666666666667,middle,1.0795402859331,1.01895224692724,0.452336075178625,0.283517825662971,0.201068812370303,-0.243471101521053,0.149816323842888,-0.0949856870868414,0.399470169967615,0.24579819235653,0.480877032235634,2,1
23,3,3,1,last,1.0795402859331,1.01895224692724,0.454272802275531,0.281714153654602,0.201058768580109,-0.241339260585187,0.14981744783661,-0.0949848626257959,0.397365278581988,0.243654308416675,0.474999031675988,2,1
25,1,3,0.333333333333333,first,1.07962037761269,1.01887665591527,1,0.0423312241375178,0.113127241858193,0.0336093914161804,0.0255260790068224,0.0684491094533116,0.0411995375071858,0.0335368405007205,0.0706571374575713,1,2
25,2,3,0.666666666666667,middle,1.07962037761269,1.01887665591527,0.459771308450931,0.27983336253684,0.202520033940232,-0.240347297825102,0.147805911516435,-0.0949956976916253,0.393603533021984,0.242607825190719,0.472298104226923,2,1
25,3,3,1,last,1.07962037761269,1.01887665591527,0.463535060542903,0.273089785487598,0.196513032630188,-0.234617107315458,0.144137663979794,-0.0949587495526341,0.383586047082619,0.23699878974453,0.46229652046049,2,1
27,1,3,0.333333333333333,first,1.0946593966214,1.00487878092043,1,0.0593637079156669,0.112400073458964,0.0497753896364189,0.032096947647873,0.0939264726006674,0.0485023341239593,0.0497216876216543,0.0973721614908618,1,2
27,2,3,0.666666666666667,middle,1.0946593966214,1.00487878092043,0.446265914934635,0.28210246240425,0.20223254909223,-0.242460633140548,0.148743304735879,-0.0949914627387381,0.3966215271012,0.244779108684931,0.480624425439225,2,1
27,3,3,1,last,1.0946593966214,1.00487878092043,0.453295767660183,0.268756518553027,0.197720145051516,-0.22989125794975,0.143468720556314,-0.0949120671887402,0.377936750327006,0.232437087135422,0.459074596821156,2,1
29,1,3,0.333333333333333,first,1.0925430987034,1.00682526969,1,0.0497490193859363,0.113147682520793,0.0413522644740901,0.0274289904182962,0.0795463586052703,0.0414711381180697,0.0412943655556832,0.0824617712177449,1,2
29,2,3,0.666666666666667,middle,1.0925430987034,1.00682526969,0.452879208822422,0.268072153556185,0.196581931477922,-0.229728535709763,0.14243047257345,-0.094975550887939,0.375802208280559,0.232129388863795,0.454138445732835,2,1
29,3,3,1,last,1.0925430987034,1.00682526969,0.443896549423086,0.278468019890724,0.203003602103351,-0.237971881245034,0.149028648353993,-0.0949853382508592,0.393117368140462,0.240583765008158,0.471334797339449,2,1
31,2,3,0.666666666666667,middle,1.07115856448041,1.02692545854178,1,0.0441055972395697,0.112769766086848,0.0376188728052812,0.0229335333471392,0.0661712675923369,0.027625703786445,0.0375877583752061,0.0677867412104987,1,2
31,3,3,1,last,1.07115856448041,1.02692545854178,0.461673707683787,0.268064143286226,0.198387205324457,-0.229315098994586,0.143083999261267,-0.0949456789822367,0.37673195591993,0.231968428976716,0.453591862841833,2,1
33,1,3,0.333333333333333,first,1.0751486,1.02311438623461,1,0.0501359129312805,0.113063201186648,0.0423921836558624,0.026607759551981,0.0777450745052498,0.0374539976441218,0.0423511177678049,0.0789009989607999,1,2
33,2,3,0.666666666666667,middle,1.0751486,1.02311438623461,0.455981558007335,0.278398544607747,0.200618243115028,-0.2401957986093,0.145266360332571,-0.0950080026682699,0.390900406733394,0.242350561970233,0.469931718572643,2,1
33,3,3,1,last,1.0751486,1.02311438623461,0.462182269453241,0.274027791701768,0.19694239142839,-0.236831780769883,0.142302188389043,-0.094974699288663,0.381057777979968,0.239077443391181,0.456340114601945,2,1
35,1,3,0.333333333333333,first,1.0821488,1.01649606782357,1,0.054130976288105,0.113133861115729,0.04827004532287,0.0244846368853658,0.0769655499630249,0.025908765062063,0.0482734566318693,0.0794304156882689,1,2
35,2,3,0.666666666666667,middle,1.0821488,1.01649606782357,0.456980315475167,0.2678141112293,0.197766120019968,-0.229908838172514,0.141639747631778,-0.0949086726020698,0.374855994677253,0.232253408875139,0.450624088717245,2,1
35,3,3,1,last,1.0821488,1.01649606782357,0.449811703028447,0.272319668686234,0.200746293596742,-0.232290735645003,0.146412228694061,-0.0949535423575011,0.38515555158101,0.23513528758002,0.463929482453567,2,1
37,1,3,0.333333333333333,first,1.0794082,1.01907693493527,1,0.0581208393029441,0.111742684511504,0.0509337348374339,0.0280328243982448,0.0823494489595387,0.0249088457576845,0.050941498277867,0.0834827977010684,1,2
37,2,3,0.666666666666667,middle,1.0794082,1.01907693493527,0.453069274485522,0.264401973158062,0.200835401628328,-0.225602260519118,0.142050400465295,-0.0949096382656981,0.37031398672155,0.228530070412229,0.448956127770249,2,1
37,3,3,1,last,1.0794082,1.01907693493527,0.461030171132435,0.264204578978775,0.192645739400386,-0.229123227870621,0.135892080528009,-0.0948881222886543,0.362800506287495,0.231192782021737,0.443242633432676,2,1
39,2,3,0.666666666666667,middle,1.06855749823931,1.02942518471164,1,0.047524814355986,0.111922474128882,0.0432034102901973,0.0200087729468057,0.0628055984965806,0.0104612455956393,0.0432377589487859,0.0672955457183537,1,2
39,3,3,1,last,1.06855749823931,1.02942518471164,0.466824770108709,0.256949820425492,0.19482225760483,-0.219757818218868,0.13722864577952,-0.0949066668822788,0.354882007811231,0.222466988122705,0.434190004450005,2,1
41,2,3,0.666666666666667,middle,1.08406938164161,1.01469520182764,1,0.0525727282515429,0.111708076588173,0.0463390005155568,0.0248800340003185,0.0751841338562271,0.0246326650854589,0.0463457354112388,0.0763551781556032,1,2
41,3,3,1,last,1.08406938164161,1.01469520182764,0.45822424314925,0.25354156476104,0.192680830080885,-0.217455003546167,0.134419148922825,-0.0948640211133181,0.348719829591719,0.219833067782563,0.433329595712664,2,1
42,1,3,0.333333333333333,first,1.0698104,1.02821957984331,1,0.0508463101877774,0.112320751949946,0.0444028202118783,0.0248772906497692,0.0686900912697017,0.01260869196384,0.0444150491291826,0.072091132405646,1,2
42,2,3,0.666666666666667,middle,1.0698104,1.02821957984331,0.459249712379373,0.251151637773083,0.195683709166716,-0.214733917517789,0.134222503907342,-0.0948773825850827,0.346712246358184,0.217517599101787,0.427865821792225,2,1
42,3,3,1,last,1.0698104,1.02821957984331,0.458761465200341,0.2598823370978,0.195362852050388,-0.223431286764,0.136900946088968,-0.0949104299618384,0.362324996251882,0.225510205765474,0.441185039398454,2,1
44,1,3,0.333333333333333,first,1.07277289948017,1.02538011589687,1,0.0546268508491728,0.112116967569846,0.049460825980059,0.0233331373980112,0.0735748705433919,0.0154379484679783,0.049491974600123,0.0757916265403255,1,2
44,2,3,0.666666666666667,middle,1.07277289948017,1.02538011589687,0.459516865375299,0.253863861448723,0.194185912586391,-0.215962612003449,0.137426886117021,-0.0948772713303225,0.353659814215288,0.218300707395165,0.439121335894787,2,1
44,3,3,1,last,1.07277289948017,1.02538011589687,0.460063911461795,0.261133206094393,0.195711078914005,-0.223625840039849,0.138997284087122,-0.0949612593410329,0.365975343877546,0.22580728715036,0.448412643546976,2,1
46,1,3,0.333333333333333,first,1.07227299947453,1.02585815416322,1,0.0563748695207412,0.112178194644603,0.0511208586535827,0.0239007755718974,0.0739566990416659,0.0129224076847796,0.0511531272026439,0.0758531144330697,1,2
46,2,3,0.666666666666667,middle,1.07227299947453,1.02585815416322,0.458779299457981,0.25319117593536,0.193840112376672,-0.216343889962447,0.135541560754177,-0.0949149087644378,0.349916182707563,0.218910199736544,0.436065345162858,2,1
46,3,3,1,last,1.07227299947453,1.02585815416322,0.453388088967466,0.269429261950252,0.198525491674167,-0.23223537841995,0.140947865757353,-0.0949425481985659,0.376465668020421,0.234371732280562,0.455902604934491,2,1
48,1,3,0.333333333333333,first,1.06789839991714,1.03006053767414,1,0.0497175057661992,0.11230518313705,0.045289285689639,0.0207429123639843,0.0626449381824146,0.00650314200606222,0.0453299528868014,0.066832865801269,1,2
48,2,3,0.666666666666667,middle,1.06789839991714,1.03006053767414,0.464429629467201,0.257196382921489,0.196048291754345,-0.220321728220229,0.136787449789389,-0.094945645319235,0.360789068993487,0.222275047292236,0.448035623687564,2,1
48,3,3,1,last,1.06789839991714,1.03006053767414,0.461981990151248,0.258132057348685,0.193819147423049,-0.22223566763149,0.135474043900936,-0.0948862003830529,0.357392097603131,0.224238449483093,0.442948156031623,2,1
50,1,3,0.333333333333333,first,1.07046849946615,1.02758745404332,1,0.0546397511912586,0.111995562669098,0.0493680141747612,0.0235178872497829,0.0719839904516125,0.0118492951542673,0.0493921829734904,0.0733519081464011,1,2
50,2,3,0.666666666666667,middle,1.07046849946615,1.02758745404332,0.458162659556478,0.257095390895552,0.19632870496133,-0.221277568105926,0.135029140784306,-0.0949466587461123,0.359344951156703,0.22324641373356,0.440726808976225,2,1
50,3,3,1,last,1.07046849946615,1.02758745404332,0.463395308850124,0.256017614018878,0.192571684920433,-0.219087016578667,0.136530327297126,-0.0948957639018904,0.355303323506352,0.221341642782027,0.438748982169113,2,1
52,1,3,0.333333333333333,first,1.08007229029369,1.01845034807891,1,0.0570452466826566,0.112269120307361,0.0519963911788194,0.0236488416829215,0.0723924899550341,0.007885559820393,0.0520382719485241,0.0733776572630023,1,2
52,2,3,0.666666666666667,middle,1.08007229029369,1.01845034807891,0.456887639488148,0.252862744642282,0.193131422775735,-0.216358175690385,0.134890196498018,-0.0948987038554966,0.352977194966265,0.2184589380811,0.442264331109587,2,1
52,3,3,1,last,1.08007229029369,1.01845034807891,0.456657402572513,0.238065861768356,0.188308235469959,-0.201898247610541,0.129847650447252,-0.0947930898380756,0.323882080901788,0.203659721222957,0.40085731071457,2,1
54,1,3,0.333333333333333,first,1.06665549942589,1.03126079656652,1,0.0529099606622017,0.112440992036306,0.0482748667350691,0.0218598491884009,0.0637579289358305,0.00283754731265975,0.0483154140080489,0.0693138121596963,1,2
54,2,3,0.666666666666667,middle,1.06665549942589,1.03126079656652,0.461057357646637,0.251882764866427,0.193901913159454,-0.215541868514366,0.134322480302494,-0.0949013471128124,0.349511077613258,0.217827619656107,0.439715739398635,2,1
54,3,3,1,last,1.06665549942589,1.03126079656652,0.461925695005073,0.251643981441015,0.192974586814079,-0.215392382195095,0.134113820367532,-0.0948958018435352,0.347566351797135,0.21756454536866,0.433054709991112,2,1
56,1,3,0.333333333333333,first,1.04844139912945,1.04917642599134,1,0.0446901952661351,0.111852463390605,0.0416756059719302,0.0164506717923089,0.0491126581884396,-0.00584054069038873,0.0417280616098607,0.0582445030383607,1,2
56,2,3,0.666666666666667,middle,1.04844139912945,1.04917642599134,0.469372824672378,0.252308929348907,0.193032307408757,-0.216051587430881,0.134324453508638,-0.0948969262717179,0.35078144496182,0.218105919831669,0.439857478598625,2,1
56,3,3,1,last,1.04844139912945,1.04917642599134,0.474124898240903,0.2561844275357,0.195009088213435,-0.219370577421172,0.136387164737578,-0.09496855949244,0.358069140889428,0.221383659803595,0.446863425133494,2,1
58,1,3,0.333333333333333,first,1.07644389566282,1.02188326250173,1,0.0611170857546694,0.112332646538052,0.0566024088508308,0.0232363059077005,0.0756380925953684,0.00759946093324486,0.0566531522255692,0.0799014738477896,1,2
58,2,3,0.666666666666667,middle,1.07644389566282,1.02188326250173,0.454602017366543,0.25264418002317,0.192384424988577,-0.216526976920126,0.134203262765528,-0.0949089811500733,0.350770607029576,0.218661544242768,0.435270445128356,2,1
58,3,3,1,last,1.07644389566282,1.02188326250173,0.452788608774713,0.255170945382268,0.195478016022985,-0.218117585505204,0.136463328329807,-0.0949269387707261,0.355762937342378,0.220388268630031,0.438529223467716,2,1
60,1,3,0.333333333333333,first,1.0742457,1.0239743105325,1,0.0571003934071092,0.112293105794132,0.0523044063690629,0.0230680237948856,0.0705436604719647,0.00685505086555355,0.0523454133082211,0.0742069266871724,1,2
60,2,3,0.666666666666667,middle,1.0742457,1.0239743105325,0.456279284205345,0.245316488137271,0.193719494856056,-0.208388452046403,0.133263355724735,-0.0948788632520964,0.34197140719958,0.210571891804308,0.429577011750045,2,1
60,3,3,1,last,1.0742457,1.0239743105325,0.457849427278536,0.227433093904023,0.185681654529932,-0.190750448223212,0.127305434833308,-0.0948160623727892,0.305507918181069,0.192456403529743,0.39687266924812,2,1
62,1,3,0.333333333333333,first,1.0671072998436,1.03082417312788,1,0.0602247393118754,0.112410858402672,0.0562077383163441,0.022050560817344,0.0678494609899416,-0.00448518616305245,0.0562905240157446,0.0758268379279121,1,2
62,2,3,0.666666666666667,middle,1.0671072998436,1.03082417312788,0.459652453751457,0.250871864220576,0.193202475917355,-0.212393866299792,0.137402994811772,-0.094928910090963,0.351381324424329,0.214774336069604,0.441330559384516,2,1
62,3,3,1,last,1.0671072998436,1.03082417312788,0.458427380447622,0.253358618826219,0.195685746211036,-0.216014917393515,0.136388263396515,-0.0948931955216194,0.354509728588918,0.218040154632514,0.441921805095565,2,1
64,1,3,0.333333333333333,first,1.06561419809191,1.03226852830007,1,0.050884337195592,0.111883772056291,0.0484293041849503,0.0159132489825976,0.0559476834015648,-0.0049752688357594,0.0484876123549759,0.0631790133350082,1,2
64,2,3,0.666666666666667,middle,1.06561419809191,1.03226852830007,0.464160021944531,0.24069199482159,0.191290325289487,-0.205589926013942,0.128955911485121,-0.0949101804429238,0.328501125999534,0.207659241676225,0.422926755196692,2,1
64,3,3,1,last,1.06561419809191,1.03226852830007,0.456260871577146,0.239862906907042,0.191421040986538,-0.202447212666333,0.132325632042953,-0.0948847575583934,0.331458581374011,0.204249281652095,0.420355729088929,2,1
66,1,3,0.333333333333333,first,1.07221152918681,1.02591696699462,1,0.0581054134431247,0.111874335878201,0.0544154439580997,0.0204461677300779,0.0730079799837762,0.0108913563344731,0.054454329474021,0.0790611859898374,1,2
66,2,3,0.666666666666667,middle,1.07221152918681,1.02591696699462,0.454609897930128,0.257977601845046,0.197508123554581,-0.220153292145522,0.138536691626337,-0.094980412456279,0.363701845489774,0.222209724778237,0.450982608654604,2,1
66,3,3,1,last,1.07221152918681,1.02591696699462,0.460811830700117,0.250426363397594,0.194591081767714,-0.21293523951273,0.135711854964445,-0.0949438690190401,0.350940342944761,0.215115710181371,0.440206166806647,2,1
68,1,3,0.333333333333333,first,1.07278879825348,1.02536491972215,1,0.0429678187136617,0.112031042801851,0.0399933290898157,0.0157277115121196,0.0535460081904053,0.0055317096283136,0.0400066704491903,0.0578291149041884,1,2
68,2,3,0.666666666666667,middle,1.07278879825348,1.02536491972215,0.464088941489455,0.25002454335935,0.195480856756572,-0.212999381121568,0.134865174915865,-0.0949072215666299,0.35027071743132,0.215043073297586,0.441303747805118,2,1
68,3,3,1,last,1.07278879825348,1.02536491972215,0.457651313971469,0.250690746459766,0.196707138095156,-0.211267795281945,0.138797629833271,-0.0949399394849694,0.355417247021909,0.213718823072413,0.445508933566191,2,1
70,1,3,0.333333333333333,first,1.0788994,1.0195575231574,1,0.0589271785004799,0.112211794537966,0.0554096663296444,0.0200300242140376,0.0712379509272749,0.0068698104423236,0.0554425512574871,0.0828378059803491,1,2
70,2,3,0.666666666666667,middle,1.0788994,1.0195575231574,0.452286087924189,0.254569422034249,0.198184961283003,-0.216623346526959,0.137702393954928,-0.0949555420134676,0.359374531673525,0.218688592331809,0.447260215477551,2,1
70,3,3,1,last,1.0788994,1.0195575231574,0.461249825918145,0.244952071700041,0.194735492809049,-0.207341375025224,0.134220578439432,-0.0948955287911881,0.34102869680141,0.209521630493743,0.432318595110193,2,1
72,1,3,0.333333333333333,first,1.068511,1.02946998205915,1,0.0506883828391976,0.1125912348401,0.0478748045794147,0.0165782085426027,0.0617325700290459,0.00750645048491289,0.047893009205653,0.0721428123579901,1,2
72,2,3,0.666666666666667,middle,1.068511,1.02946998205915,0.457369615912907,0.252793052796706,0.197313958085119,-0.214419293161025,0.137825309054352,-0.0949780980806613,0.357368427408248,0.216568072328152,0.448614157574938,2,1
72,3,3,1,last,1.068511,1.02946998205915,0.465450359710741,0.244168166612655,0.193851906921439,-0.206548447332161,0.133992119508943,-0.094891455374895,0.341051483647536,0.208648269241461,0.430141117746031,2,1
74,1,3,0.333333333333333,first,1.07451149402595,1.0237210175189,1,0.0492272266643782,0.114075433461538,0.0469227931271798,0.0148363964725402,0.0575199798879914,0.00408878911998493,0.0469459890476888,0.0687513837608641,1,2
74,2,3,0.666666666666667,middle,1.07451149402595,1.0237210175189,0.459795737096747,0.252966116182533,0.200301485522382,-0.21380094128752,0.139103497685905,-0.0949135885881305,0.362241243965914,0.21590571458155,0.449804604032057,2,1
74,3,3,1,last,1.07451149402595,1.0237210175189,0.462432721050285,0.255615445542665,0.198352097305141,-0.217361498548234,0.138503827773553,-0.0949594549731798,0.362493757136241,0.21953043924742,0.453784842489041,2,1
76,1,3,0.333333333333333,first,1.07784116903145,1.02055853089047,1,0.054800550552936,0.113438171901584,0.0516860207936429,0.018179048256951,0.0673861980123618,0.00782190504788044,0.0517133290199465,0.0770523719669842,1,2
76,2,3,0.666666666666667,middle,1.07784116903145,1.02055853089047,0.456018807490597,0.238671947714063,0.193001750526118,-0.198455775549085,0.136151043846909,-0.0949118660286459,0.335533905823051,0.200586039197309,0.424096854626923,2,1
76,3,3,1,last,1.07784116903145,1.02055853089047,0.459939584003225,0.243168129546197,0.194093871483654,-0.204715811892652,0.134948787455614,-0.0948660476073038,0.339926649876744,0.20662838596592,0.428008790729839,2,1
78,1,3,0.333333333333333,first,1.0677951976137,1.03016009292632,1,0.037664894810648,0.11279674902828,0.0360148244858129,0.010866594543601,0.0432643695664784,0.00432189727882218,0.0360147345108986,0.0538746433142716,1,2
78,2,3,0.666666666666667,middle,1.0677951976137,1.03016009292632,0.466277889908732,0.235569049061502,0.190897880398681,-0.197836419552783,0.131464720426236,-0.0948394284245707,0.325371491835035,0.199654799675515,0.412350902347268,2,1
78,3,3,1,last,1.0677951976137,1.03016009292632,0.465682226090267,0.248108040300165,0.192666182017282,-0.20921278844333,0.137186369479335,-0.0949167950470615,0.350737683370226,0.211170782923383,0.436983037739132,2,1
80,1,3,0.333333333333333,first,1.07347699776183,1.02470756457145,1,0.0514638462857695,0.113463600110096,0.0493733545813689,0.0144314191761305,0.0618144621035441,0.00876933260266394,0.04939867366644,0.0730198036297457,1,2
80,2,3,0.666666666666667,middle,1.07347699776183,1.02470756457145,0.458390143740883,0.249808048357113,0.195645909388118,-0.210606118809198,0.138183962635577,-0.0949218379523091,0.35426994254205,0.212643272307247,0.44313101315558,2,1
80,3,3,1,last,1.07347699776183,1.02470756457145,0.454713797242781,0.248300376890684,0.195718440339795,-0.207889289898383,0.139527745872668,-0.0949693565496634,0.352793197670604,0.209905961045927,0.442446512385242,2,1
82,1,3,0.333333333333333,first,1.07023689961495,1.02780982453114,1,0.0498430721172831,0.11367872309641,0.0481988969170097,0.0127579034647132,0.0551343868902107,0.00321170206691121,0.0482372829944914,0.0667769245626617,1,2
82,2,3,0.666666666666667,middle,1.07023689961495,1.02780982453114,0.461924827675152,0.254100537297699,0.198850442925937,-0.213900426344238,0.141040421710878,-0.0949692822379538,0.365242527941511,0.216109111091439,0.453648492900929,2,1
82,3,3,1,last,1.07023689961495,1.02780982453114,0.465657023470862,0.240388912251786,0.19371188745698,-0.198368852207792,0.139317586985509,-0.0948759424643663,0.339672959220814,0.20124625787632,0.428649691544398,2,1
